date,actual,predicted,position,strategy_ret,buyhold_ret,strategy_equity,buyhold_equity
2024-04-01,-0.007503262,0.001154721,1.0,-0.007503262,-0.007503262,0.9924967,0.9924967
2024-04-02,0.014339036,0.001163543,1.0,0.014339036,0.014339036,1.0067282,0.9998924
2024-04-03,-0.015498502,0.001202555,1.0,-0.015498502,-0.015498502,0.9911254,1.0000017
2024-04-04,-0.013220311,0.0012400951,1.0,-0.013220311,-0.013220311,0.9780224,1.0
2024-04-05,0.0114372345,0.0024423292,1.0,0.0114372345,0.0114372345,0.9892082,1.0
2024-04-08,-0.00020757728,0.0043862076,1.0,-0.00020757728,-0.00020757728,0.9890029,1.0
2024-04-09,0.020503292,0.004776448,1.0,0.020503292,0.020503292,1.0092807,1.0
2024-04-10,-0.003136544,0.0046834205,1.0,-0.003136544,-0.003136544,1.0061151,1.0
2024-04-12,-0.000816227,0.0043350826,1.0,-0.000816227,-0.000816227,1.0052938,1.0
2024-04-15,-0.006636747,0.0041188467,1.0,-0.006636747,-0.006636747,0.998622,1.0
2024-04-16,0.03972812,0.00391321,1.0,0.03972812,0.03972812,1.0382954,1.0
2024-04-18,0.01820184,0.003919976,1.0,0.01820184,0.01820184,1.0571942,1.0
2024-04-19,0.006611202,0.0048042745,1.0,0.006611202,0.006611202,1.0641836,1.0
2024-04-22,0.0339439,0.003274138,1.0,0.0339439,0.0339439,1.1003062,1.0
2024-04-23,-0.0044423826,0.001365143,1.0,-0.0044423826,-0.0044423826,1.0954182,1.0
2024-04-24,0.0017195728,0.0006592594,1.0,0.0017195728,0.0017195728,1.0973018,1.0
2024-04-25,-0.009532024,0.00068906264,1.0,-0.009532024,-0.009532024,1.0868423,1.0
2024-04-26,0.004852341,0.0022763915,1.0,0.004852341,0.004852341,1.092116,1.0
2024-04-29,-0.007646588,0.0020855973,1.0,-0.007646588,-0.007646588,1.083765,1.0
2024-04-30,-0.013897807,0.0017570677,1.0,-0.013897807,-0.013897807,1.068703,1.0
2024-05-02,-0.020648047,0.0013917773,1.0,-0.020648047,-0.020648047,1.0466365,1.0
2024-05-03,0.0046859575,0.0010673925,1.0,0.0046859575,0.0046859575,1.051541,1.0
2024-05-06,0.002140426,0.0011092104,1.0,0.002140426,0.002140426,1.0537916,1.0
2024-05-07,0.0019031286,0.0011307168,1.0,0.0019031286,0.0019031286,1.0557972,1.0
2024-05-08,-0.0102572795,-0.0027074818,-1.0,0.0102572795,-0.0102572795,1.0666268,1.0
2024-05-09,0.019949408,-0.011359631,-1.0,-0.019949408,0.019949408,1.0453482,1.0
2024-05-10,-0.011750799,-0.01035434,-1.0,0.011750799,-0.011750799,1.0576319,1.0
2024-05-13,-0.001283847,0.0004227484,1.0,-0.001283847,-0.001283847,1.056274,1.0
2024-05-14,0.01973694,0.004696554,1.0,0.01973694,0.01973694,1.0771216,1.0
2024-05-15,0.026517525,0.011805756,1.0,0.026517525,0.026517525,1.1056842,1.0
2024-05-16,-0.00048343424,0.024355054,1.0,-0.00048343424,-0.00048343424,1.1051496,1.0
2024-05-17,-0.00011140847,0.036842797,1.0,-0.00011140847,-0.00011140847,1.1050265,1.0
2024-05-21,0.002674382,0.028346183,1.0,0.002674382,0.002674382,1.1079817,1.0
2024-05-22,0.019214699,0.009394136,1.0,0.019214699,0.019214699,1.1292713,1.0
2024-05-23,0.010461404,0.00088401756,1.0,0.010461404,0.010461404,1.141085,1.0
2024-05-24,-0.0029932775,0.0010149704,1.0,-0.0029932775,-0.0029932775,1.1376694,1.0
2024-05-27,-0.009653754,-0.0024141278,-1.0,0.009653754,-0.009653754,1.1486523,1.0
2024-05-28,0.004402986,0.0020193532,1.0,0.004402986,0.004402986,1.1537098,1.0
2024-05-29,3.6222667e-05,0.0021407963,1.0,3.6222667e-05,3.6222667e-05,1.1537516,1.0
2024-05-30,-0.0032000234,0.0019094748,1.0,-0.0032000234,-0.0032000234,1.1500596,1.0
2024-05-31,0.013278757,0.0015525222,1.0,0.013278757,0.013278757,1.1653309,1.0
2024-06-03,-0.06796139,0.0013074845,1.0,-0.06796139,-0.06796139,1.0861334,1.0
2024-06-04,0.0337771,0.0013535435,1.0,0.0337771,0.0337771,1.1228198,1.0
2024-06-05,0.019338023,0.0010044744,1.0,0.019338023,0.019338023,1.1445329,1.0
2024-06-06,0.03909863,0.0013261612,1.0,0.03909863,0.03909863,1.1892825,1.0
2024-06-07,0.0005612427,0.0015584432,1.0,0.0005612427,0.0005612427,1.18995,1.0
2024-06-10,0.0008410104,-0.0017040415,-1.0,-0.0008410104,0.0008410104,1.1889492,1.0
2024-06-11,0.0077819633,-0.008476353,-1.0,-0.0077819633,0.0077819633,1.1796968,1.0
2024-06-12,-0.008833403,-0.00219419,-1.0,0.008833403,-0.008833403,1.1901176,1.0
2024-06-13,0.001156549,0.0011685934,1.0,0.001156549,0.001156549,1.1914941,1.0
2024-06-14,0.0006653494,0.00053246866,1.0,0.0006653494,0.0006653494,1.1922868,1.0
2024-06-18,-0.025527027,0.00023464835,1.0,-0.025527027,-0.025527027,1.1618513,1.0
2024-06-19,-0.008076405,-0.00021120906,-1.0,0.008076405,-0.008076405,1.1712348,1.0
2024-06-20,0.024954839,0.00038101792,1.0,0.024954839,0.024954839,1.2004628,1.0
2024-06-21,0.0026446292,0.0012379271,1.0,0.0026446292,0.0026446292,1.2036376,1.0
2024-06-24,-0.003421783,0.0045572943,1.0,-0.003421783,-0.003421783,1.199519,1.0
2024-06-25,0.030999653,0.014102561,1.0,0.030999653,0.030999653,1.2367038,1.0
2024-06-26,0.011106394,0.012872478,1.0,0.011106394,0.011106394,1.250439,1.0
2024-06-27,-0.021748545,0.010030003,1.0,-0.021748545,-0.021748545,1.2232438,1.0
2024-06-28,0.0068666665,0.0007342687,1.0,0.0068666665,0.0068666665,1.2316434,1.0
2024-07-01,-0.024401255,-6.034749e-05,-1.0,0.024401255,-0.024401255,1.2616972,1.0
2024-07-02,0.00063409,0.0003281664,1.0,0.00063409,0.00063409,1.2624972,1.0
2024-07-03,0.0022512523,0.0011586809,1.0,0.0022512523,0.0022512523,1.2653394,1.0
2024-07-04,0.0046620886,0.010860409,1.0,0.0046620886,0.0046620886,1.2712384,1.0
2024-07-05,0.0038048616,0.024559347,1.0,0.0038048616,0.0038048616,1.2760752,1.0
2024-07-08,0.0002787249,0.019794432,1.0,0.0002787249,0.0002787249,1.2764308,1.0
2024-07-09,0.0065957718,0.0073694093,1.0,0.0065957718,0.0065957718,1.2848499,1.0
2024-07-10,-0.0049254876,0.0021940644,1.0,-0.0049254876,-0.0049254876,1.2785214,1.0
2024-07-11,-0.0032738394,0.0024850513,1.0,-0.0032738394,-0.0032738394,1.2743357,1.0
2024-07-12,0.0030304536,0.0028187027,1.0,0.0030304536,0.0030304536,1.2781975,1.0
2024-07-15,0.019903561,0.0031080814,1.0,0.019903561,0.019903561,1.3036382,1.0
2024-07-16,0.011626676,0.0033699851,1.0,0.011626676,0.011626676,1.3187952,1.0
2024-07-18,-0.014870973,0.003061809,1.0,-0.014870973,-0.014870973,1.2991834,1.0
2024-07-19,0.0024940604,0.002125573,1.0,0.0024940604,0.0024940604,1.3024237,1.0
2024-07-22,0.00020456496,0.0019565206,1.0,0.00020456496,0.00020456496,1.3026901,1.0
2024-07-23,-0.0071896138,-0.00032720377,-1.0,0.0071896138,-0.0071896138,1.3120561,1.0
2024-07-24,-0.0041661,-0.0016263655,-1.0,0.0041661,-0.0041661,1.3175223,1.0
2024-07-25,0.044042163,0.0013518294,1.0,0.044042163,0.044042163,1.3755487,1.0
2024-07-26,-0.022065546,0.0023689768,1.0,-0.022065546,-0.022065546,1.3451965,1.0
2024-07-29,-0.007453271,-0.005459853,-1.0,0.007453271,-0.007453271,1.3552227,1.0
2024-07-30,0.014315352,0.0014551408,1.0,0.014315352,0.014315352,1.3746232,1.0
2024-07-31,0.00930921,0.0013240292,1.0,0.00930921,0.00930921,1.3874198,1.0
2024-08-01,-0.007801845,-0.0057454132,-1.0,0.007801845,-0.007801845,1.3982443,1.0
2024-08-02,-0.01899035,-0.0150802545,-1.0,0.01899035,-0.01899035,1.4247975,1.0
2024-08-05,-0.015227583,-0.01124932,-1.0,0.015227583,-0.015227583,1.4464937,1.0
2024-08-06,0.004309578,0.0008705347,1.0,0.004309578,0.004309578,1.4527274,1.0
2024-08-07,0.0069465763,0.0022476418,1.0,0.0069465763,0.0069465763,1.4628189,1.0
2024-08-08,0.008436531,0.0030445508,1.0,0.008436531,0.008436531,1.47516,1.0
2024-08-09,-0.0037636384,0.0035241996,1.0,-0.0037636384,-0.0037636384,1.4696081,1.0
2024-08-12,0.00075382757,0.0035461276,1.0,0.00075382757,0.00075382757,1.470716,1.0
2024-08-13,0.008187317,0.0037112744,1.0,0.008187317,0.008187317,1.4827572,1.0
2024-08-14,0.008019765,0.0036858832,1.0,0.008019765,0.008019765,1.4946486,1.0
2024-08-16,-0.009413651,0.0033475435,1.0,-0.009413651,-0.009413651,1.4805784,1.0
2024-08-19,-0.014047119,0.002694915,1.0,-0.014047119,-0.014047119,1.4597806,1.0
2024-08-20,0.009819443,0.0026699346,1.0,0.009819443,0.009819443,1.4741148,1.0
2024-08-21,0.015526769,0.0030898033,1.0,0.015526769,0.015526769,1.4970031,1.0
2024-08-22,0.013631608,0.0032178992,1.0,0.013631608,0.013631608,1.5174096,1.0
2024-08-23,0.0045029414,0.0029220781,1.0,0.0045029414,0.0045029414,1.5242423,1.0
2024-08-26,0.006059975,0.001997009,1.0,0.006059975,0.006059975,1.5334792,1.0
2024-08-27,0.021825384,0.0017722266,1.0,0.021825384,0.021825384,1.566948,1.0
2024-08-28,0.006117426,-0.0034096367,-1.0,-0.006117426,0.006117426,1.5573624,1.0
2024-08-29,0.014675693,-0.007967095,-1.0,-0.014675693,0.014675693,1.534507,1.0
2024-08-30,-0.011201304,-0.002207866,-1.0,0.011201304,-0.011201304,1.5516955,1.0
2024-09-02,-0.0068647247,0.0016503049,1.0,-0.0068647247,-0.0068647247,1.5410435,1.0
2024-09-03,0.0008326626,0.0009349835,1.0,0.0008326626,0.0008326626,1.5423267,1.0
2024-09-04,-0.009456205,0.0009685916,1.0,-0.009456205,-0.009456205,1.5277421,1.0
2024-09-05,-0.005151583,0.0009925326,1.0,-0.005151583,-0.005151583,1.5198718,1.0
2024-09-06,0.0022064662,0.0010161378,1.0,0.0022064662,0.0022064662,1.5232253,1.0
2024-09-09,0.022561405,0.0010449467,1.0,0.022561405,0.022561405,1.5575914,1.0
2024-09-10,-3.1676907e-05,0.0010374881,1.0,-3.1676907e-05,-3.1676907e-05,1.5575421,1.0
2024-09-11,0.042772215,0.001014261,1.0,0.042772215,0.042772215,1.6241616,1.0
2024-09-12,-0.0074973484,0.0010202513,1.0,-0.0074973484,-0.0074973484,1.6119846,1.0
2024-09-13,0.0006116311,0.0009829967,1.0,0.0006116311,0.0006116311,1.6129706,1.0
2024-09-16,0.015953282,0.0009876755,1.0,0.015953282,0.015953282,1.6387028,1.0
2024-09-17,-0.004130657,0.0009749605,1.0,-0.004130657,-0.004130657,1.6319338,1.0
2024-09-18,0.005994449,0.0009686622,1.0,0.005994449,0.005994449,1.6417164,1.0
2024-09-19,0.027781216,0.0009832089,1.0,0.027781216,0.027781216,1.6873252,1.0
2024-09-20,0.022356631,0.001008933,1.0,0.022356631,0.022356631,1.7250482,1.0
2024-09-23,0.0035356681,0.0010352032,1.0,0.0035356681,0.0035356681,1.7311473,1.0
2024-09-24,0.0021325643,0.0008698441,1.0,0.0021325643,0.0021325643,1.734839,1.0
2024-09-25,0.006059676,-0.00014166452,-1.0,-0.006059676,0.006059676,1.7243265,1.0
2024-09-26,-0.020824017,-0.00011080288,-1.0,0.020824017,-0.020824017,1.760234,1.0
2024-09-27,-0.014546595,-0.0005129046,-1.0,0.014546595,-0.014546595,1.7858394,1.0
2024-09-30,-0.0063669435,0.0005098348,1.0,-0.0063669435,-0.0063669435,1.774469,1.0
2024-10-01,-0.014975849,0.0010439905,1.0,-0.014975849,-0.014975849,1.7478949,1.0
2024-10-03,-0.019642472,0.00037044377,1.0,-0.019642472,-0.019642472,1.7135619,1.0
2024-10-04,0.012806849,0.0006228562,1.0,0.012806849,0.012806849,1.7355072,1.0
2024-10-07,-0.0027714802,0.0029236167,1.0,-0.0027714802,-0.0027714802,1.7306973,1.0
2024-10-08,0.012381907,0.0018082758,1.0,0.012381907,0.012381907,1.7521266,1.0
2024-10-09,0.0,0.0075242743,1.0,0.0,0.0,1.7521266,1.0
2024-10-10,0.005526687,0.004341792,1.0,0.005526687,0.005526687,1.76181,1.0
2024-10-11,0.0048477403,0.0046895593,1.0,0.0048477403,0.0048477403,1.7703508,1.0
2024-10-14,0.012687561,0.004437041,1.0,0.012687561,0.012687561,1.7928122,1.0
2024-10-15,0.009677872,0.0039391126,1.0,0.009677872,0.009677872,1.8101629,1.0
2024-10-16,-0.019097548,0.003859546,1.0,-0.019097548,-0.019097548,1.7755932,1.0
2024-10-17,0.003930715,0.0037970878,1.0,0.003930715,0.003930715,1.7825725,1.0
2024-10-18,-0.008998885,0.0037051463,1.0,-0.008998885,-0.008998885,1.7665313,1.0
2024-10-21,-0.00017734162,0.0037370017,1.0,-0.00017734162,-0.00017734162,1.7662181,1.0
2024-10-22,-0.003818771,0.0038690087,1.0,-0.003818771,-0.003818771,1.7594733,1.0
2024-10-23,-0.0043695644,0.004215602,1.0,-0.0043695644,-0.0043695644,1.7517852,1.0
2024-10-24,-0.007445151,0.004494254,1.0,-0.007445151,-0.007445151,1.7387428,1.0
2024-10-25,-0.0015918845,0.004707936,1.0,-0.0015918845,-0.0015918845,1.735975,1.0
2024-10-28,-0.015907208,0.004826971,1.0,-0.015907208,-0.015907208,1.7083604,1.0
2024-10-29,-0.002293365,0.0049371533,1.0,-0.002293365,-0.002293365,1.7044426,1.0
2024-10-30,-0.012785296,0.004556711,1.0,-0.012785296,-0.012785296,1.6826508,1.0
2024-10-31,0.0023846054,0.004286512,1.0,0.0023846054,0.0023846054,1.6866634,1.0
2024-11-01,-0.015712485,0.0032804902,1.0,-0.015712485,-0.015712485,1.6601617,1.0
2024-11-04,-0.008108198,0.0027359002,1.0,-0.008108198,-0.008108198,1.6467009,1.0
2024-11-05,0.012841715,0.002219736,1.0,0.012841715,0.012841715,1.6678473,1.0
2024-11-06,-0.014490304,0.0017763342,1.0,-0.014490304,-0.014490304,1.6436796,1.0
2024-11-07,-0.0037511287,0.0028946227,1.0,-0.0037511287,-0.0037511287,1.637514,1.0
2024-11-08,-0.005973593,0.0024112258,1.0,-0.005973593,-0.005973593,1.6277322,1.0
2024-11-11,-0.0031448388,0.0032112184,1.0,-0.0031448388,-0.0031448388,1.6226132,1.0
2024-11-12,-0.0033483193,0.0033768713,1.0,-0.0033483193,-0.0033483193,1.6171802,1.0
2024-11-13,3.223568e-05,0.004689079,1.0,3.223568e-05,3.223568e-05,1.6172323,1.0
2024-11-14,-0.008744995,0.005229337,1.0,-0.008744995,-0.008744995,1.6030896,1.0
2024-11-18,-0.007510258,0.005260432,1.0,-0.007510258,-0.007510258,1.59105,1.0
2024-11-19,-0.00022937033,0.0049180193,1.0,-0.00022937033,-0.00022937033,1.5906851,1.0
2024-11-21,0.028536865,0.004602777,1.0,0.028536865,0.028536865,1.6360784,1.0
2024-11-22,0.006003703,0.005329736,1.0,0.006003703,0.006003703,1.645901,1.0
2024-11-25,-0.0009505968,0.0049990523,1.0,-0.0009505968,-0.0009505968,1.6443365,1.0
2024-11-26,0.0002536335,0.005077991,1.0,0.0002536335,0.0002536335,1.6447536,1.0
2024-11-27,-0.010994227,0.0051687984,1.0,-0.010994227,-0.010994227,1.6266707,1.0
2024-11-28,0.041887846,0.005569653,1.0,0.041887846,0.041887846,1.6948085,1.0
2024-11-29,0.010058926,0.0057840482,1.0,0.010058926,0.010058926,1.7118564,1.0
2024-12-02,-0.014123306,0.005444061,1.0,-0.014123306,-0.014123306,1.6876793,1.0
2024-12-03,-0.022749221,0.005193309,1.0,-0.022749221,-0.022749221,1.6492859,1.0
2024-12-04,0.019535212,0.0036837868,1.0,0.019535212,0.019535212,1.681505,1.0
2024-12-05,-0.01089272,0.008953465,1.0,-0.01089272,-0.01089272,1.6631887,1.0
2024-12-06,0.0029371646,0.010468495,1.0,0.0029371646,0.0029371646,1.6680738,1.0
2024-12-09,-0.015026032,0.0110754855,1.0,-0.015026032,-0.015026032,1.6430092,1.0
2024-12-10,0.004645004,0.009468308,1.0,0.004645004,0.004645004,1.650641,1.0
2024-12-11,0.015360739,0.007852206,1.0,0.015360739,0.015360739,1.675996,1.0
2024-12-12,0.04325907,0.0100938,1.0,0.04325907,0.04325907,1.7484978,1.0
2024-12-13,-0.011482296,0.010993833,1.0,-0.011482296,-0.011482296,1.7284211,1.0
2024-12-16,-0.028831871,0.00024315657,1.0,-0.028831871,-0.028831871,1.6785874,1.0
2024-12-17,-0.008330219,-0.0035035433,-1.0,0.008330219,-0.008330219,1.6925704,1.0
2024-12-18,-0.0009993926,-0.0010825928,-1.0,0.0009993926,-0.0009993926,1.6942621,1.0
2024-12-19,-0.013969515,6.0151564e-05,1.0,-0.013969515,-0.013969515,1.6705941,1.0
2024-12-20,0.005560885,0.0011192306,1.0,0.005560885,0.005560885,1.6798841,1.0
2024-12-23,-0.00189232,0.005853889,1.0,-0.00189232,-0.00189232,1.6767052,1.0
2024-12-24,0.0098009575,0.005762253,1.0,0.0098009575,0.0098009575,1.6931385,1.0
2024-12-26,0.00021870961,0.000664087,1.0,0.00021870961,0.00021870961,1.6935089,1.0
2024-12-27,-0.008127347,-0.0067225457,-1.0,0.008127347,-0.008127347,1.7072725,1.0
2024-12-30,0.0005354415,-0.009268209,-1.0,-0.0005354415,0.0005354415,1.7063584,1.0
2024-12-31,0.0049946127,0.002975192,1.0,0.0049946127,0.0049946127,1.7148811,1.0
2025-01-01,0.008735272,0.0038211937,1.0,0.008735272,0.008735272,1.729861,1.0
2025-01-02,-0.006763225,0.004296202,1.0,-0.006763225,-0.006763225,1.7181616,1.0
2025-01-03,-0.0065258956,0.0042396993,1.0,-0.0065258956,-0.0065258956,1.7069491,1.0
2025-01-06,0.0015098085,0.0040950137,1.0,0.0015098085,0.0015098085,1.7095263,1.0
2025-01-07,0.0052349637,0.0044593667,1.0,0.0052349637,0.0052349637,1.7184756,1.0
2025-01-08,0.0048967414,0.004643003,1.0,0.0048967414,0.0048967414,1.7268906,1.0
2025-01-09,0.0054919133,0.00501317,1.0,0.0054919133,0.0054919133,1.7363746,1.0
2025-01-10,-0.011640045,0.004851979,1.0,-0.011640045,-0.011640045,1.716163,1.0
2025-01-13,0.0018140295,0.0046794647,1.0,0.0018140295,0.0018140295,1.7192762,1.0
2025-01-14,0.004582956,0.004455235,1.0,0.004582956,0.004582956,1.7271557,1.0
2025-01-15,0.014053652,0.004340112,1.0,0.014053652,0.014053652,1.7514286,1.0
2025-01-16,-0.0016575811,0.004385637,1.0,-0.0016575811,-0.0016575811,1.7485254,1.0
2025-01-17,0.008352085,0.003763358,1.0,0.008352085,0.008352085,1.7631291,1.0
2025-01-20,-0.009181984,0.0028436035,1.0,-0.009181984,-0.009181984,1.7469401,1.0
2025-01-21,0.0034378453,0.0033163633,1.0,0.0034378453,0.0034378453,1.7529459,1.0
2025-01-22,0.002601239,0.002798195,1.0,0.002601239,0.002601239,1.7575058,1.0
2025-01-23,0.0053645293,0.0026051612,1.0,0.0053645293,0.0053645293,1.766934,1.0
2025-01-24,-0.025991542,0.0028646835,1.0,-0.025991542,-0.025991542,1.7210087,1.0
2025-01-27,0.009779802,0.0044044615,1.0,0.009779802,0.009779802,1.7378398,1.0
2025-01-28,-0.011122297,0.00091517036,1.0,-0.011122297,-0.011122297,1.7185111,1.0
2025-01-29,0.024868663,4.930829e-05,1.0,0.024868663,0.024868663,1.7612481,1.0
2025-01-30,-0.008845963,-7.6881144e-05,-1.0,0.008845963,-0.008845963,1.7768279,1.0
2025-01-31,-0.0018771461,-0.00070217694,-1.0,0.0018771461,-0.0018771461,1.7801634,1.0
2025-02-01,0.017768165,0.0003713579,1.0,0.017768165,0.017768165,1.8117936,1.0
2025-02-03,0.005492175,0.0005872749,1.0,0.005492175,0.005492175,1.8217443,1.0
2025-02-04,-0.0006020568,-0.00023792265,-1.0,0.0006020568,-0.0006020568,1.822841,1.0
2025-02-05,-0.024816787,-5.7393394e-05,-1.0,0.024816787,-0.024816787,1.868078,1.0
2025-02-06,0.034585554,-0.00013088388,-1.0,-0.034585554,0.034585554,1.8034695,1.0
2025-02-07,0.009674261,0.0006175472,1.0,0.009674261,0.009674261,1.8209169,1.0
2025-02-10,0.002182983,-7.915171e-05,-1.0,-0.002182983,0.002182983,1.8169419,1.0
2025-02-11,0.008684733,0.000304355,1.0,0.008684733,0.008684733,1.8327216,1.0
2025-02-12,0.0017804619,0.0012754851,1.0,0.0017804619,0.0017804619,1.8359848,1.0
2025-02-13,0.0014278396,0.0009688512,1.0,0.0014278396,0.0014278396,1.8386064,1.0
2025-02-14,-0.024466151,0.0001354994,1.0,-0.024466151,-0.024466151,1.7936227,1.0
2025-02-17,-0.003976766,-0.0005706437,-1.0,0.003976766,-0.003976766,1.8007556,1.0
2025-02-18,-0.01430279,0.0010441607,1.0,-0.01430279,-0.01430279,1.7749997,1.0
2025-02-19,-0.0010338214,0.0010854066,1.0,-0.0010338214,-0.0010338214,1.7731646,1.0
2025-02-20,-0.002589277,0.0011570704,1.0,-0.002589277,-0.002589277,1.7685734,1.0
2025-02-21,-0.023423016,0.001460819,1.0,-0.023423016,-0.023423016,1.727148,1.0
2025-02-24,0.02473368,0.0017916353,1.0,0.02473368,0.02473368,1.7698667,1.0
2025-02-25,0.005468147,0.0041985256,1.0,0.005468147,0.005468147,1.7795446,1.0
2025-02-27,-0.049814723,0.0043462287,1.0,-0.049814723,-0.049814723,1.6908971,1.0
2025-02-28,0.016172286,0.004000098,1.0,0.016172286,0.016172286,1.7182428,1.0
2025-03-03,-0.012897737,0.0043590767,1.0,-0.012897737,-0.012897737,1.6960813,1.0
2025-03-04,0.026867812,0.004285273,1.0,0.026867812,0.026867812,1.7416514,1.0
2025-03-05,0.005331052,0.0045843464,1.0,0.005331052,0.005331052,1.7509363,1.0
2025-03-06,0.0023329442,0.004623497,1.0,0.0023329442,0.0023329442,1.7550211,1.0
2025-03-07,0.00015331364,0.004641288,1.0,0.00015331364,0.00015331364,1.7552902,1.0
2025-03-10,0.019430501,0.004528781,1.0,0.019430501,0.019430501,1.7893964,1.0
2025-03-11,-0.012160631,0.004399609,1.0,-0.012160631,-0.012160631,1.7676362,1.0
2025-03-12,-0.0063199415,0.004142918,1.0,-0.0063199415,-0.0063199415,1.7564648,1.0
2025-03-13,0.0040652566,0.004122776,1.0,0.0040652566,0.0040652566,1.7636054,1.0
2025-03-17,0.0,0.00393312,1.0,0.0,0.0,1.7636054,1.0
2025-03-18,-0.0012209489,0.0038685221,1.0,-0.0012209489,-0.0012209489,1.7614521,1.0
2025-03-19,0.04075489,0.0030487054,1.0,0.04075489,0.04075489,1.8332399,1.0
2025-03-20,0.011978916,0.0031520766,1.0,0.011978916,0.011978916,1.8552,1.0
2025-03-21,-0.004064282,0.0029408457,1.0,-0.004064282,-0.004064282,1.8476601,1.0
2025-03-24,0.0067839827,0.0034979414,1.0,0.0067839827,0.0067839827,1.8601946,1.0
2025-03-25,0.0046410454,0.002946104,1.0,0.0046410454,0.0046410454,1.8688278,1.0
2025-03-26,-0.007998376,0.0017541405,1.0,-0.007998376,-0.007998376,1.8538803,1.0
2025-03-27,0.0050318153,0.0008618575,1.0,0.0050318153,0.0050318153,1.8632087,1.0
2025-03-28,-0.0053507104,0.00096976315,1.0,-0.0053507104,-0.0053507104,1.8532392,1.0
2025-04-01,0.017506756,0.0010194323,1.0,0.017506756,0.017506756,1.8856833,1.0
2025-04-02,-0.0049133995,0.00107968,1.0,-0.0049133995,-0.0049133995,1.8764182,1.0
2025-04-03,-0.0014616249,0.0010755348,1.0,-0.0014616249,-0.0014616249,1.8736756,1.0
2025-04-04,-0.033121545,0.0010767775,1.0,-0.033121545,-0.033121545,1.8116165,1.0
2025-04-07,0.01981251,0.0011021562,1.0,0.01981251,0.01981251,1.8475091,1.0
2025-04-08,-0.0028230867,0.001171429,1.0,-0.0028230867,-0.0028230867,1.8422934,1.0
2025-04-09,0.023646343,0.001128216,1.0,0.023646343,0.023646343,1.8858569,1.0
2025-04-11,0.023739705,0.0012620508,1.0,0.023739705,0.023739705,1.9306265,1.0
2025-04-15,0.013144274,0.001259687,1.0,0.013144274,0.013144274,1.9560032,1.0
2025-04-16,0.03583648,0.0010648005,1.0,0.03583648,0.03583648,2.0260994,1.0
2025-04-17,-0.0030218887,0.0010460392,1.0,-0.0030218887,-0.0030218887,2.0199769,1.0
2025-04-21,-0.016704528,0.0010528412,1.0,-0.016704528,-0.016704528,1.9862342,1.0
2025-04-22,0.015748326,0.00082885055,1.0,0.015748326,0.015748326,2.0175142,1.0
2025-04-23,-0.019318052,0.0001531,1.0,-0.019318052,-0.019318052,1.9785398,1.0
2025-04-24,-0.015507618,0.00036406302,1.0,-0.015507618,-0.015507618,1.9478574,1.0
2025-04-25,0.0025282842,0.00043822837,1.0,0.0025282842,0.0025282842,1.9527822,1.0
2025-04-28,0.0010971297,0.0011053662,1.0,0.0010971297,0.0010971297,1.9549245,1.0
2025-04-29,0.022070711,0.0010160502,1.0,0.022070711,0.022070711,1.9980712,1.0
2025-04-30,-0.008780748,0.0010807446,1.0,-0.008780748,-0.008780748,1.9805267,1.0
2025-05-02,0.009584952,0.0010789447,1.0,0.009584952,0.009584952,1.9995098,1.0
2025-05-05,0.018582903,0.0010734692,1.0,0.018582903,0.018582903,2.0366666,1.0
2025-05-06,-0.002211738,0.001034653,1.0,-0.002211738,-0.002211738,2.032162,1.0
2025-05-07,-0.011612922,0.0010310235,1.0,-0.011612922,-0.011612922,2.0085626,1.0
2025-05-08,-0.014234962,0.0010229398,1.0,-0.014234962,-0.014234962,1.9799708,1.0
2025-05-09,0.012045768,0.001031186,1.0,0.012045768,0.012045768,2.0038211,1.0
2025-05-12,-0.027200086,0.0010278253,1.0,-0.027200086,-0.027200086,1.949317,1.0
2025-05-13,0.0074422816,0.0009722754,1.0,0.0074422816,0.0074422816,1.9638243,1.0
2025-05-14,0.017831521,0.0025116913,1.0,0.017831521,0.017831521,1.9988424,1.0
2025-05-15,-0.028905531,0.003335943,1.0,-0.028905531,-0.028905531,1.9410648,1.0
2025-05-16,0.002367621,0.003479761,1.0,0.002367621,0.002367621,1.9456605,1.0
2025-05-19,-0.0051830565,0.003733722,1.0,-0.0051830565,-0.0051830565,1.9355761,1.0
2025-05-20,0.0074903066,0.0039262907,1.0,0.0074903066,0.0074903066,1.9500741,1.0
2025-05-21,0.004871538,0.0041230833,1.0,0.004871538,0.004871538,1.9595739,1.0
2025-05-22,0.00016373218,0.0042896564,1.0,0.00016373218,0.00016373218,1.9598945,1.0
2025-05-23,0.008534691,0.0044055,1.0,0.008534691,0.008534691,1.9766216,1.0
2025-05-26,-0.0019505048,0.004460581,1.0,-0.0019505048,-0.0019505048,1.9727663,1.0
2025-05-27,0.0066488353,0.004477735,1.0,0.0066488353,0.0066488353,1.9858828,1.0
2025-05-28,0.0040325667,0.00445976,1.0,0.0040325667,0.0040325667,1.993891,1.0
2025-05-29,-0.0039787795,0.0045159254,1.0,-0.0039787795,-0.0039787795,1.9859577,1.0
2025-05-30,-0.0011319483,0.0045525446,1.0,-0.0011319483,-0.0011319483,1.9837097,1.0
2025-06-02,-0.0069274367,0.004544557,1.0,-0.0069274367,-0.0069274367,1.9699677,1.0
2025-06-03,0.018350054,0.004530106,1.0,0.018350054,0.018350054,2.0061166,1.0
2025-06-04,0.0018112669,0.004597243,1.0,0.0018112669,0.0018112669,2.0097501,1.0
2025-06-05,-0.004587915,0.004581483,1.0,-0.004587915,-0.004587915,2.0005295,1.0
2025-06-06,-0.0027307153,0.004466695,1.0,-0.0027307153,-0.0027307153,1.9950666,1.0
2025-06-09,-0.0042984807,0.0043083252,1.0,-0.0042984807,-0.0042984807,1.9864908,1.0
2025-06-10,0.0016678345,0.004196391,1.0,0.0016678345,0.0016678345,1.989804,1.0
2025-06-11,-0.008638445,0.0042055757,1.0,-0.008638445,-0.008638445,1.9726152,1.0
2025-06-12,-0.0020625843,0.004209106,1.0,-0.0020625843,-0.0020625843,1.9685466,1.0
2025-06-13,0.0112922285,0.004129984,1.0,0.0112922285,0.0112922285,1.990776,1.0
2025-06-16,-0.00349828,0.004426405,1.0,-0.00349828,-0.00349828,1.9838117,1.0
2025-06-17,0.0059666685,0.0044212276,1.0,0.0059666685,0.0059666685,1.9956485,1.0
2025-06-18,0.0059312116,0.0044640205,1.0,0.0059312116,0.0059312116,2.0074852,1.0
2025-06-19,0.03131069,0.004361484,1.0,0.03131069,0.03131069,2.0703409,1.0
2025-06-20,-0.00020647813,0.004154385,1.0,-0.00020647813,-0.00020647813,2.0699134,1.0
2025-06-23,-0.0013954238,0.0033561857,1.0,-0.0013954238,-0.0013954238,2.067025,1.0
2025-06-24,0.01641402,0.002832986,1.0,0.01641402,0.01641402,2.100953,1.0
2025-06-25,0.024474166,0.0024279589,1.0,0.024474166,0.024474166,2.1523721,1.0
2025-06-26,0.006334471,0.0028810482,1.0,0.006334471,0.006334471,2.166006,1.0
2025-06-27,-0.008670538,0.0032998086,1.0,-0.008670538,-0.008670538,2.1472256,1.0
2025-06-30,0.0048647723,0.002621275,1.0,0.0048647723,0.0048647723,2.1576715,1.0
2025-07-01,0.006859698,0.0016023214,1.0,0.006859698,0.006859698,2.1724722,1.0
2025-07-02,-0.0069091995,0.00090593944,1.0,-0.0069091995,-0.0069091995,2.1574621,1.0
2025-07-03,-0.0010405343,0.00093152816,1.0,-0.0010405343,-0.0010405343,2.1552172,1.0
2025-07-04,0.008244724,0.0009777369,1.0,0.008244724,0.008244724,2.1729865,1.0
2025-07-07,-0.001919331,0.000981393,1.0,-0.001919331,-0.001919331,2.1688159,1.0
2025-07-08,-0.0050868667,0.0009956652,1.0,-0.0050868667,-0.0050868667,2.1577835,1.0
2025-07-09,-0.027711181,0.0010037902,1.0,-0.027711181,-0.027711181,2.0979888,1.0
2025-07-10,-0.021923447,0.0010049943,1.0,-0.021923447,-0.021923447,2.0519938,1.0
2025-07-11,-0.0005204466,0.001023664,1.0,-0.0005204466,-0.0005204466,2.0509257,1.0
2025-07-14,0.006899954,0.0010447892,1.0,0.006899954,0.006899954,2.065077,1.0
2025-07-15,0.0012400239,0.002025336,1.0,0.0012400239,0.0012400239,2.0676377,1.0
2025-07-16,-0.0034656157,0.0037730453,1.0,-0.0034656157,-0.0034656157,2.060472,1.0
2025-07-17,-0.006763023,0.0043844623,1.0,-0.006763023,-0.006763023,2.046537,1.0
2025-07-18,0.00430421,0.004519335,1.0,0.00430421,0.00430421,2.0553455,1.0
2025-07-21,-0.0012577685,0.0044897576,1.0,-0.0012577685,-0.0012577685,2.0527604,1.0
2025-07-22,0.019218326,0.0044649118,1.0,0.019218326,0.019218326,2.092211,1.0
2025-07-23,-0.003969217,0.0044804974,1.0,-0.003969217,-0.003969217,2.0839067,1.0
2025-07-24,0.00092931493,0.0043163565,1.0,0.00092931493,0.00092931493,2.0858433,1.0
2025-07-25,-0.024869319,0.00453091,1.0,-0.024869319,-0.024869319,2.0339699,1.0
2025-07-28,0.014703821,0.0045852354,1.0,0.014703821,0.014703821,2.063877,1.0
2025-07-29,0.0074268295,0.0047291177,1.0,0.0074268295,0.0074268295,2.0792053,1.0
2025-07-30,-0.009514203,0.0048411186,1.0,-0.009514203,-0.009514203,2.0594232,1.0
2025-07-31,-0.015742587,0.005015358,1.0,-0.015742587,-0.015742587,2.0270026,1.0
2025-08-01,0.015899222,0.005038435,1.0,0.015899222,0.015899222,2.0592303,1.0
2025-08-04,0.008943542,0.0050894143,1.0,0.008943542,0.008943542,2.0776472,1.0
2025-08-05,-0.0010876998,0.0050579207,1.0,-0.0010876998,-0.0010876998,2.0753872,1.0
2025-08-06,-0.0036860947,0.0051962244,1.0,-0.0036860947,-0.0036860947,2.067737,1.0
2025-08-07,-0.03385494,0.0051152604,1.0,-0.03385494,-0.03385494,1.997734,1.0
2025-08-08,-0.0006458412,0.0050996067,1.0,-0.0006458412,-0.0006458412,1.9964437,1.0
2025-08-11,-0.0038298522,0.0048125493,1.0,-0.0038298522,-0.0038298522,1.9887977,1.0
2025-08-12,0.009199292,0.004656468,1.0,0.009199292,0.009199292,2.0070932,1.0
2025-08-13,0.003421354,0.004678717,1.0,0.003421354,0.003421354,2.0139601,1.0
2025-08-14,0.009824606,0.004750978,1.0,0.009824606,0.009824606,2.0337465,1.0
2025-08-18,0.009153064,0.00474799,1.0,0.009153064,0.009153064,2.0523615,1.0
2025-08-19,0.009744519,0.0046594692,1.0,0.009744519,0.009744519,2.0723608,1.0
2025-08-20,0.000777591,0.0045730355,1.0,0.000777591,0.000777591,2.0739722,1.0
2025-08-21,0.0017601594,0.0042158226,1.0,0.0017601594,0.0017601594,2.0776227,1.0
2025-08-22,-0.0013457894,0.0037450846,1.0,-0.0013457894,-0.0013457894,2.0748265,1.0
2025-08-25,-0.013558132,0.0033181012,1.0,-0.013558132,-0.013558132,2.0466957,1.0
2025-08-26,-0.012467783,0.0031757485,1.0,-0.012467783,-0.012467783,2.021178,1.0
2025-08-28,0.004085033,0.0030189813,1.0,0.004085033,0.004085033,2.0294347,1.0
2025-08-29,0.0062279087,0.0028306325,1.0,0.0062279087,0.0062279087,2.0420737,1.0
2025-09-01,-0.0070754127,0.0030270554,1.0,-0.0070754127,-0.0070754127,2.027625,1.0
2025-09-02,-0.0017501133,0.0030054771,1.0,-0.0017501133,-0.0017501133,2.0240765,1.0
2025-09-03,-0.0018595338,0.003189641,1.0,-0.0018595338,-0.0018595338,2.0203125,1.0
2025-09-04,0.0078925695,0.0032844334,1.0,0.0078925695,0.0078925695,2.036258,1.0
2025-09-05,-0.0040180204,0.0032832166,1.0,-0.0040180204,-0.0040180204,2.0280762,1.0
2025-09-08,0.0031734242,0.0029781982,1.0,0.0031734242,0.0031734242,2.0345123,1.0
2025-09-09,-0.0012151989,0.00310008,1.0,-0.0012151989,-0.0012151989,2.0320399,1.0
2025-09-10,0.011355333,0.0035307081,1.0,0.011355333,0.011355333,2.0551143,1.0
2025-09-11,-0.005451325,0.0043447055,1.0,-0.005451325,-0.005451325,2.0439112,1.0
2025-09-12,0.0009981774,0.0036686067,1.0,0.0009981774,0.0009981774,2.0459514,1.0
2025-09-15,0.018210674,0.0040824274,1.0,0.018210674,0.018210674,2.0832095,1.0
2025-09-16,0.0009276865,0.0034968448,1.0,0.0009276865,0.0009276865,2.0851421,1.0
2025-09-17,-0.000103090395,0.004182753,1.0,-0.000103090395,-0.000103090395,2.084927,1.0
2025-09-18,0.0109134605,0.008015889,1.0,0.0109134605,0.0109134605,2.1076808,1.0
2025-09-19,-0.0031644525,0.008316551,1.0,-0.0031644525,-0.0031644525,2.101011,1.0
2025-09-22,-0.008986157,0.0058311243,1.0,-0.008986157,-0.008986157,2.082131,1.0
2025-09-23,-0.0039278953,0.004787618,1.0,-0.0039278953,-0.0039278953,2.0739524,1.0
2025-09-24,0.0023275786,0.002277988,1.0,0.0023275786,0.0023275786,2.0787797,1.0
2025-09-25,-0.009864543,0.0009951347,1.0,-0.009864543,-0.009864543,2.0582733,1.0
2025-09-26,-0.0075416956,0.0009888965,1.0,-0.0075416956,-0.0075416956,2.0427504,1.0
2025-09-29,-0.012590737,0.0010625795,1.0,-0.012590737,-0.012590737,2.0170305,1.0
2025-09-30,-0.005766168,0.0009716928,1.0,-0.005766168,-0.005766168,2.0054,1.0
2025-10-01,0.015461328,0.00083374884,1.0,0.015461328,0.015461328,2.036406,1.0
2025-10-03,0.0033685905,0.0020925342,1.0,0.0033685905,0.0033685905,2.0432658,1.0
2025-10-06,0.013517615,0.0022435857,1.0,0.013517615,0.013517615,2.070886,1.0
2025-10-07,0.0074887592,0.0024011538,1.0,0.0074887592,0.0074887592,2.0863943,1.0
2025-10-08,-0.00077208393,0.0022936813,1.0,-0.00077208393,-0.00077208393,2.0847836,1.0
2025-10-09,-0.0010819837,0.0020711059,1.0,-0.0010819837,-0.0010819837,2.0825279,1.0
2025-10-10,0.007702632,0.0017884664,1.0,0.007702632,0.007702632,2.0985687,1.0
2025-10-13,-0.0042548105,0.0011101699,1.0,-0.0042548105,-0.0042548105,2.0896397,1.0
2025-10-14,0.01118757,0.0012580357,1.0,0.01118757,0.01118757,2.1130176,1.0
2025-10-15,-0.00055894465,0.0015626401,1.0,-0.00055894465,-0.00055894465,2.1118364,1.0
2025-10-16,0.022416368,0.0015850636,1.0,0.022416368,0.022416368,2.159176,1.0
2025-10-17,0.019442027,0.0012688132,1.0,0.019442027,0.019442027,2.201155,1.0
2025-10-20,-0.0039072414,0.0010317594,1.0,-0.0039072414,-0.0039072414,2.1925545,1.0
2025-10-21,-0.017574593,0.000862521,1.0,-0.017574593,-0.017574593,2.1540213,1.0
2025-10-23,0.010601511,0.00087337545,1.0,0.010601511,0.010601511,2.1768572,1.0
2025-10-24,0.024725044,0.0009543515,1.0,0.024725044,0.024725044,2.2306802,1.0
2025-10-27,0.0048437356,0.0009575166,1.0,0.0048437356,0.0048437356,2.2414849,1.0
2025-10-28,0.0049633863,0.0009841728,1.0,0.0049633863,0.0049633863,2.2526102,1.0
2025-10-29,-0.016463492,0.0006335797,1.0,-0.016463492,-0.016463492,2.2155244,1.0
2025-10-30,-0.005727109,0.00038269226,1.0,-0.005727109,-0.005727109,2.2028358,1.0
2025-10-31,0.0094466265,0.0010563114,1.0,0.0094466265,0.0094466265,2.2236452,1.0
2025-11-03,0.018771585,0.0010594236,1.0,0.018771585,0.018771585,2.2653863,1.0
2025-11-04,-0.008744924,0.0010407823,1.0,-0.008744924,-0.008744924,2.2455757,1.0
2025-11-06,-0.04575881,0.0010786561,1.0,-0.04575881,-0.04575881,2.1428208,1.0
2025-11-07,0.009251532,0.0010954401,1.0,0.009251532,0.009251532,2.162645,1.0
2025-11-10,0.01107812,0.001136672,1.0,0.01107812,0.01107812,2.186603,1.0
2025-11-11,0.015306063,0.0011189318,1.0,0.015306063,0.015306063,2.2200716,1.0
2025-11-12,0.0086423075,0.0011271494,1.0,0.0086423075,0.0086423075,2.239258,1.0
2025-11-13,0.004245646,0.0010955528,1.0,0.004245646,0.004245646,2.2487652,1.0
2025-11-14,0.005459371,0.0014239259,1.0,0.005459371,0.005459371,2.261042,1.0
2025-11-17,0.017365692,0.0009995942,1.0,0.017365692,0.017365692,2.3003068,1.0
2025-11-18,0.004919948,0.00097554317,1.0,0.004919948,0.004919948,2.3116243,1.0
2025-11-19,-0.00069479155,0.0010120091,1.0,-0.00069479155,-0.00069479155,2.310018,1.0
2025-11-20,0.0020365203,0.0011205606,1.0,0.0020365203,0.0020365203,2.3147225,1.0
2025-11-21,-0.00491322,0.0010247906,1.0,-0.00491322,-0.00491322,2.3033497,1.0
2025-11-24,0.004404536,0.0010256127,1.0,0.004404536,0.004404536,2.313495,1.0
2025-11-25,-0.016230164,0.0010536413,1.0,-0.016230164,-0.016230164,2.2759466,1.0
2025-11-26,-0.0052800393,0.0010596648,1.0,-0.0052800393,-0.0052800393,2.2639296,1.0
2025-11-27,-0.0066394676,0.0010978103,1.0,-0.0066394676,-0.0066394676,2.2488983,1.0
2025-11-28,-0.0056784926,0.0010712027,1.0,-0.0056784926,-0.0056784926,2.2361279,1.0
2025-12-01,0.0068198023,0.0019577537,1.0,0.0068198023,0.0068198023,2.2513778,1.0
2025-12-02,-0.00859198,0.0034194323,1.0,-0.00859198,-0.00859198,2.232034,1.0
2025-12-03,0.008496921,0.0048967614,1.0,0.008496921,0.008496921,2.2509992,1.0
2025-12-04,0.0023737783,0.004159263,1.0,0.0023737783,0.0023737783,2.2563426,1.0
2025-12-05,-0.010774828,0.004171826,1.0,-0.010774828,-0.010774828,2.2320309,1.0
2025-12-08,0.001676307,0.004194662,1.0,0.001676307,0.001676307,2.2357724,1.0
2025-12-09,-0.010922285,0.004310903,1.0,-0.010922285,-0.010922285,2.2113526,1.0
2025-12-10,-0.0066986973,0.004375987,1.0,-0.0066986973,-0.0066986973,2.1965394,1.0
2025-12-11,0.014601532,0.0045647086,1.0,0.014601532,0.014601532,2.2286124,1.0
2025-12-12,-0.006597416,0.004716039,1.0,-0.006597416,-0.006597416,2.2139094,1.0
2025-12-15,0.015485549,0.0047438857,1.0,0.015485549,0.015485549,2.248193,1.0
2025-12-16,0.0028504112,0.0048415805,1.0,0.0028504112,0.0028504112,2.2546012,1.0
2025-12-17,-0.0076190294,0.0047496455,1.0,-0.0076190294,-0.0076190294,2.2374234,1.0
2025-12-18,0.0027208396,0.0047181877,1.0,0.0027208396,0.0027208396,2.243511,1.0
2025-12-19,0.023509542,0.004862095,1.0,0.023509542,0.023509542,2.2962549,1.0
2025-12-22,-0.011568005,0.0049308436,1.0,-0.011568005,-0.011568005,2.2696917,1.0
2025-12-23,0.00037687994,0.004340411,1.0,0.00037687994,0.00037687994,2.270547,1.0
2025-12-24,-0.008654474,0.0043131146,1.0,-0.008654474,-0.008654474,2.2508965,1.0
2025-12-26,-0.011368505,0.0038361885,1.0,-0.011368505,-0.011368505,2.2253072,1.0
2025-12-29,0.008705194,0.00333477,1.0,0.008705194,0.008705194,2.2446787,1.0
2025-12-30,0.0027584152,0.0033631609,1.0,0.0027584152,0.0027584152,2.2508705,1.0
2025-12-31,0.0022769894,0.0034335018,1.0,0.0022769894,0.0022769894,2.2559958,1.0
2026-01-01,-0.0019445466,0.0028039669,1.0,-0.0019445466,-0.0019445466,2.2516088,1.0
2026-01-02,-0.00061743124,0.0023289155,1.0,-0.00061743124,-0.00061743124,2.2502186,1.0
2026-01-05,0.00014244572,0.0019317971,1.0,0.00014244572,0.00014244572,2.2505393,1.0
2026-01-06,-0.010072836,0.0016866617,1.0,-0.010072836,-0.010072836,2.22787,1.0
2026-01-07,-0.008625504,0.0021148194,1.0,-0.008625504,-0.008625504,2.2086535,1.0
2026-01-08,-0.019153418,0.0025682617,1.0,-0.019153418,-0.019153418,2.1663501,1.0
2026-01-09,0.008302466,0.0035800035,1.0,0.008302466,0.008302466,2.1843362,1.0
2026-01-12,-0.008401132,0.004260706,1.0,-0.008401132,-0.008401132,2.1659853,1.0
2026-01-13,-0.0021731742,0.004445692,1.0,-0.0021731742,-0.0021731742,2.1612782,1.0
2026-01-14,0.0,0.0046514864,1.0,0.0,0.0,2.1612782,1.0
2026-01-16,-0.0031790107,0.004812512,1.0,-0.0031790107,-0.0031790107,2.1544075,1.0
2026-01-19,-0.0069895713,0.004759527,1.0,-0.0069895713,-0.0069895713,2.139349,1.0
2026-01-20,5.0097813e-05,0.004963306,1.0,5.0097813e-05,5.0097813e-05,2.139456,1.0
2026-01-21,0.0030512922,0.005127653,1.0,0.0030512922,0.0030512922,2.1459842,1.0
2026-01-22,-0.008778795,0.004985654,1.0,-0.008778795,-0.008778795,2.127145,1.0
2026-01-23,-0.005709759,0.0049197054,1.0,-0.005709759,-0.005709759,2.1149995,1.0
2026-01-27,-0.0079876995,0.0051977606,1.0,-0.0079876995,-0.0079876995,2.0981057,1.0
2026-01-28,0.005196741,0.0051683164,1.0,0.005196741,0.005196741,2.1090088,1.0
2026-01-29,0.00040637012,0.0051300176,1.0,0.00040637012,0.00040637012,2.109866,1.0
2026-01-30,-0.0016776016,0.0050830524,1.0,-0.0016776016,-0.0016776016,2.1063263,1.0
2026-02-02,0.01610049,0.0051534036,1.0,0.01610049,0.01610049,2.1402392,1.0
2026-02-03,0.014168402,0.0051837945,1.0,0.014168402,0.014168402,2.170563,1.0
2026-02-04,-0.016624736,0.004899197,1.0,-0.016624736,-0.016624736,2.1344779,1.0
2026-02-05,0.022825219,0.004607168,1.0,0.022825219,0.022825219,2.1831977,1.0
2026-02-06,-9.811876e-05,0.005165645,1.0,-9.811876e-05,-9.811876e-05,2.1829836,1.0
2026-02-09,-0.013285729,0.0041798144,1.0,-0.013285729,-0.013285729,2.153981,1.0
2026-02-10,0.00039760317,0.003626688,1.0,0.00039760317,0.00039760317,2.1548374,1.0
2026-02-11,0.0011921073,0.004641659,1.0,0.0011921073,0.0011921073,2.157406,1.0
2026-02-12,-0.0048766145,0.0050649056,1.0,-0.0048766145,-0.0048766145,2.1468852,1.0
2026-02-13,0.012245788,0.0055458816,1.0,0.012245788,0.012245788,2.1731753,1.0
2026-02-16,-0.004494188,0.005201528,1.0,-0.004494188,-0.004494188,2.1634088,1.0
2026-02-17,0.00074223283,0.0055329776,1.0,0.00074223283,0.00074223283,2.1650145,1.0
2026-02-18,-0.016557386,0.003096152,1.0,-0.016557386,-0.016557386,2.1291676,1.0
2026-02-19,-0.0056480197,0.0007555579,1.0,-0.0056480197,-0.0056480197,2.117142,1.0
2026-02-20,0.01001344,-0.008155589,-1.0,-0.01001344,0.01001344,2.095942,1.0
2026-02-23,-0.028593007,-0.01149235,-1.0,0.028593007,-0.028593007,2.1558714,1.0
2026-02-24,-0.0143214725,-0.0057031913,-1.0,0.0143214725,-0.0143214725,2.1867466,1.0
2026-02-25,0.008430901,-0.0020067962,-1.0,-0.008430901,0.008430901,2.1683104,1.0
2026-02-26,-0.02641328,0.0023489785,1.0,-0.02641328,-0.02641328,2.1110382,1.0
2026-02-27,-0.0032512269,0.0031861295,1.0,-0.0032512269,-0.0032512269,2.1041746,1.0
2026-03-02,0.01730614,0.004213785,1.0,0.01730614,0.01730614,2.1405897,1.0
2026-03-04,0.0005769756,0.004814018,1.0,0.0005769756,0.0005769756,2.1418247,1.0
2026-03-05,-0.019165138,0.004524735,1.0,-0.019165138,-0.019165138,2.1007762,1.0
2026-03-06,-0.0021940635,0.0041438644,1.0,-0.0021940635,-0.0021940635,2.096167,1.0
2026-03-09,-0.008770268,0.0046544205,1.0,-0.008770268,-0.008770268,2.077783,1.0
2026-03-10,-0.023733824,0.0047165435,1.0,-0.023733824,-0.023733824,2.0284693,1.0
2026-03-11,-0.0031593821,0.0046179453,1.0,-0.0031593821,-0.0031593821,2.0220606,1.0
2026-03-12,0.0011651192,0.0050818366,1.0,0.0011651192,0.0011651192,2.0244167,1.0
2026-03-13,-0.008128721,0.0053625805,1.0,-0.008128721,-0.008128721,2.0079608,1.0
2026-03-16,0.021130273,0.005230505,1.0,0.021130273,0.021130273,2.0503898,1.0
2026-03-17,0.015425015,0.0063530533,1.0,0.015425015,0.015425015,2.082017,1.0
2026-03-18,-0.015425015,0.006286971,1.0,-0.015425015,-0.015425015,2.0499017,1.0
2026-03-19,0.010399994,0.0041798367,1.0,0.010399994,0.010399994,2.0712206,1.0
2026-03-20,-0.027569003,0.004552897,1.0,-0.027569003,-0.027569003,2.0141191,1.0
2026-03-23,0.0034463531,0.0041151983,1.0,0.0034463531,0.0034463531,2.0210605,1.0
2026-03-24,0.018037332,0.004574908,1.0,0.018037332,0.018037332,2.057515,1.0
2026-03-25,0.004892933,0.004251578,1.0,0.004892933,0.004892933,2.0675821,1.0
2026-03-27,-0.033922102,0.0035656597,1.0,-0.033922102,-0.033922102,1.9974455,1.0
2026-03-30,-0.000280623,0.0029496453,1.0,-0.000280623,-0.000280623,1.996885,1.0
2026-04-01,0.004367768,0.0037067286,1.0,0.004367768,0.004367768,2.0056067,1.0
2026-04-02,0.0017307342,0.00310562,1.0,0.0017307342,0.0017307342,2.0090778,1.0
2026-04-06,0.020701252,0.002686036,1.0,0.020701252,0.020701252,2.0506682,1.0
2026-04-07,0.016956396,0.0025631934,1.0,0.016956396,0.016956396,2.0854404,1.0
2026-04-08,-0.0011824511,0.0025708433,1.0,-0.0011824511,-0.0011824511,2.0829744,1.0
2026-04-09,0.0056845136,0.014163301,1.0,0.0056845136,0.0056845136,2.094815,1.0
2026-04-10,0.00048122284,0.017926868,1.0,0.00048122284,0.00048122284,2.095823,1.0
2026-04-13,-0.008157696,0.009835641,1.0,-0.008157696,-0.008157696,2.078726,1.0
2026-04-15,-0.008170327,0.010669273,1.0,-0.008170327,-0.008170327,2.0617423,1.0
2026-04-16,0.0034169422,0.0044818493,1.0,0.0034169422,0.0034169422,2.068787,1.0
2026-04-17,-0.0004332423,0.0038289223,1.0,-0.0004332423,-0.0004332423,2.0678906,1.0
2026-04-20,0.004809415,0.00019469357,1.0,0.004809415,0.004809415,2.0778358,1.0
2026-04-21,-0.014115343,0.0009362756,1.0,-0.014115343,-0.014115343,2.0485065,1.0
2026-04-22,0.006648148,-0.0010052271,-1.0,-0.006648148,0.006648148,2.0348878,1.0
2026-04-23,-0.014607593,0.0011634931,1.0,-0.014607593,-0.014607593,2.005163,1.0
2026-04-24,0.0030814952,0.0011730001,1.0,0.0030814952,0.0030814952,2.0113418,1.0
2026-04-27,0.012937259,0.0012156982,1.0,0.012937259,0.012937259,2.037363,1.0
2026-04-28,0.023742365,0.0012389324,1.0,0.023742365,0.023742365,2.0857348,1.0
2026-04-29,-0.00068874436,0.0031896601,1.0,-0.00068874436,-0.00068874436,2.0842984,1.0
2026-04-30,0.0,-0.0008684349,-1.0,-0.0,0.0,2.0842984,1.0
2026-05-04,-0.011560129,0.0011435152,1.0,-0.011560129,-0.011560129,2.0602036,1.0
2026-05-05,0.015165888,0.0011626709,1.0,0.015165888,0.015165888,2.0914485,1.0
2026-05-06,-0.0038794482,0.0012873523,1.0,-0.0038794482,-0.0038794482,2.083335,1.0
2026-05-07,0.004315687,0.001090704,1.0,0.004315687,0.004315687,2.092326,1.0
2026-05-08,-0.04157175,0.0005854366,1.0,-0.04157175,-0.04157175,2.0053444,1.0
2026-05-11,-0.0017062256,0.0016601488,1.0,-0.0017062256,-0.0017062256,2.0019228,1.0
2026-05-12,0.018274555,0.0042421105,1.0,0.018274555,0.018274555,2.038507,1.0
2026-05-13,0.051363207,0.0048653064,1.0,0.051363207,0.051363207,2.1432114,1.0
2026-05-14,0.011560211,0.004625985,1.0,0.011560211,0.011560211,2.1679873,1.0
2026-05-15,0.017016152,0.003428083,1.0,0.017016152,0.017016152,2.204878,1.0
2026-05-18,-0.012774117,0.0015550954,1.0,-0.012774117,-0.012774117,2.1767128,1.0
2026-05-19,-0.004504475,-0.002752354,-1.0,0.004504475,-0.004504475,2.1865177,1.0
2026-05-20,-0.010342516,0.0059061777,1.0,-0.010342516,-0.010342516,2.1639035,1.0
2026-05-21,-0.007400175,0.0077697323,1.0,-0.007400175,-0.007400175,2.1478903,1.0
2026-05-22,0.0018151981,0.0025413628,1.0,0.0018151981,0.0018151981,2.1517892,1.0
2026-05-25,-0.014993488,0.0011219666,1.0,-0.014993488,-0.014993488,2.1195264,1.0
2026-05-26,0.002865566,0.0011477023,1.0,0.002865566,0.002865566,2.1256,1.0
2026-05-27,0.0,0.0012123858,1.0,0.0,0.0,2.1256,1.0
2026-05-29,-0.010111131,0.0012507446,1.0,-0.010111131,-0.010111131,2.1041079,1.0
2026-06-01,0.0019863404,0.0013015205,1.0,0.0019863404,0.0019863404,2.1082873,1.0
2026-06-02,0.005442128,0.0018102665,1.0,0.005442128,0.005442128,2.119761,1.0
2026-06-03,-0.0028547952,0.002695877,1.0,-0.0028547952,-0.0028547952,2.1137094,1.0
2026-06-04,-0.011445773,0.0032003806,1.0,-0.011445773,-0.011445773,2.0895164,1.0
2026-06-05,0.008362241,0.0034544263,1.0,0.008362241,0.008362241,2.1069896,1.0
2026-06-08,-0.007917461,0.0035529602,1.0,-0.007917461,-0.007917461,2.0903077,1.0
2026-06-09,-0.013317837,0.014474811,1.0,-0.013317837,-0.013317837,2.0624695,1.0
2026-06-10,0.0041598557,0.019002661,1.0,0.0041598557,0.0041598557,2.071049,1.0
2026-06-11,0.02213626,0.0139281545,1.0,0.02213626,0.02213626,2.1168942,1.0
2026-06-12,0.010208319,0.0054306933,1.0,0.010208319,0.010208319,2.1385043,1.0
2026-06-15,0.0063884035,0.0039333687,1.0,0.0063884035,0.0063884035,2.152166,1.0
2026-06-16,0.012175966,0.0038085198,1.0,0.012175966,0.012175966,2.1783705,1.0
2026-06-17,-0.00047985924,0.0034915716,1.0,-0.00047985924,-0.00047985924,2.177325,1.0
2026-06-18,0.019019976,0.0024099587,1.0,0.019019976,0.019019976,2.2187376,1.0
2026-06-19,0.0030307763,0.0029755295,1.0,0.0030307763,0.0030307763,2.2254622,1.0
2026-06-22,-0.0078571625,0.003339896,1.0,-0.0078571625,-0.0078571625,2.2079763,1.0
2026-06-23,-0.012861033,0.0031078933,1.0,-0.012861033,-0.012861033,2.1795795,1.0
2026-06-24,-0.014270703,0.002229344,1.0,-0.014270703,-0.014270703,2.1484754,1.0
2026-06-25,0.0,0.0012728008,1.0,0.0,0.0,2.1484754,1.0
2026-06-29,0.0059029176,0.0009367538,1.0,0.0059029176,0.0059029176,2.1611576,1.0
2026-06-30,0.010206945,0.0009960929,1.0,0.010206945,0.010206945,2.1832163,1.0
2026-07-01,0.0021355639,0.0010192774,1.0,0.0021355639,0.0021355639,2.1878786,1.0
2026-07-02,0.01870402,0.0009929662,1.0,0.01870402,0.01870402,2.2288008,1.0
2026-07-03,0.007976842,0.0009971597,1.0,0.007976842,0.007976842,2.2465796,1.0
2026-07-06,5.199083e-05,0.0009845254,1.0,5.199083e-05,5.199083e-05,2.2466965,1.0
2026-07-07,-0.01977044,0.0009832067,1.0,-0.01977044,-0.01977044,2.2022784,1.0
2026-07-08,0.0225187,0.0010140857,1.0,0.0225187,0.0225187,2.2518709,1.0
2026-07-09,-0.0055562295,0.0010670912,1.0,-0.0055562295,-0.0055562295,2.239359,1.0
2026-07-10,-0.009732665,0.00106423,1.0,-0.009732665,-0.009732665,2.2175639,1.0
2026-07-13,0.018081391,0.001059392,1.0,0.018081391,0.018081391,2.2576606,1.0
2026-07-14,-0.009442821,0.00108658,1.0,-0.009442821,-0.009442821,2.236342,1.0
2026-07-15,0.0018228284,0.0010779896,1.0,0.0018228284,0.0018228284,2.2404184,1.0
2026-07-16,-0.00678745,0.0010805135,1.0,-0.00678745,-0.00678745,2.2252116,1.0
2026-07-17,0.0162647,0.0010733738,1.0,0.0162647,0.0162647,2.261404,1.0
2026-07-20,0.0042690355,0.00106388,1.0,0.0042690355,0.0042690355,2.271058,1.0
2026-07-21,0.00030789062,0.0010611798,1.0,0.00030789062,0.00030789062,2.2717574,1.0
2026-07-22,-0.009278398,0.0010525588,1.0,-0.009278398,-0.009278398,2.250679,1.0
2026-07-23,-0.0046252836,0.0010685199,1.0,-0.0046252836,-0.0046252836,2.240269,1.0
2026-07-24,0.0037334592,0.0010708533,1.0,0.0037334592,0.0037334592,2.248633,1.0
2026-07-27,-0.0018386703,0.0010639417,1.0,-0.0018386703,-0.0018386703,2.2444985,1.0
2026-07-28,0.025131075,0.001052136,1.0,0.025131075,0.025131075,2.3009052,1.0
2026-07-29,0.0033786045,0.0010638518,1.0,0.0033786045,0.0033786045,2.308679,1.0
2026-07-30,0.007737745,0.0010092014,1.0,0.007737745,0.007737745,2.326543,1.0
2026-07-31,-0.0007609385,0.0010016563,1.0,-0.0007609385,-0.0007609385,2.3247728,1.0
