date,actual,predicted,desired_pos,position,delta,cost,gross_ret,net_ret,capital,strategy_equity,buyhold_equity,buyhold_ret,n_trades
2024-04-01,-0.007503262,0.001154721,1.0,1.0,1.0,0.0010509999999999999,-0.0,-0.0010509999999999999,0.998949,0.998949,0.9924967,-0.007503262,1
2024-04-02,0.014339036,0.001163543,1.0,1.0,0.0,0.0,0.014339036,0.01433903630822897,1.013273019010663,1.013272965981069,1.0067282,0.014339036,1
2024-04-03,-0.015498502,0.001202555,1.0,1.0,0.0,0.0,-0.015498502,-0.015498502179980278,0.9975687879302982,0.9975687527088964,0.9911254,-0.015498502,1
2024-04-04,-0.013220311,0.0012400951,1.0,1.0,0.0,0.0,-0.013220311,-0.013220311142504215,0.9843806190968672,0.984380583412045,0.9780224,-0.013220311,1
2024-04-05,0.0114372345,0.0024423292,1.0,1.0,0.0,0.0,0.0114372345,0.011437234468758106,0.9956391551206499,0.9956391749510215,0.9892082,0.0114372345,1
2024-04-08,-0.00020757728,0.0043862076,1.0,1.0,0.0,0.0,-0.00020757728,-0.00020757727907039225,0.9954324574672797,0.9954325028801493,0.9890029,-0.00020757728,1
2024-04-09,0.020503292,0.004776448,1.0,1.0,0.0,0.0,0.020503292,0.020503291860222816,1.015842090399183,1.0158421460138531,1.0092807,0.020503292,1
2024-04-10,-0.003136544,0.0046834205,1.0,1.0,0.0,0.0,-0.003136544,-0.0031365440227091312,1.0126558858178636,1.0126559124027574,1.0061151,-0.003136544,1
2024-04-12,-0.000816227,0.0043350826,1.0,1.0,0.0,0.0,-0.000816227,-0.0008162269950844347,1.0118293297491816,1.0118293553103224,1.0052938,-0.000816227,1
2024-04-15,-0.006636747,0.0041188467,1.0,1.0,0.0,0.0,-0.006636747,-0.006636747159063816,1.0051140828005667,1.0051140997110093,0.998622,-0.006636747,1
2024-04-16,0.03972812,0.00391321,1.0,1.0,0.0,0.0,0.03972812,0.03972811996936798,1.0450454205970698,1.0450453932472317,1.0382954,0.03972812,1
2024-04-18,0.01820184,0.003919976,1.0,1.0,0.0,0.0,0.01820184,0.018201839178800583,1.064067157598027,1.0640671414296643,1.0571942,0.01820184,1
2024-04-19,0.006611202,0.0048042745,1.0,1.0,0.0,0.0,0.006611202,0.006611201912164688,1.071101948172724,1.0711019041497558,1.0641836,0.006611202,1
2024-04-22,0.0339439,0.003274138,1.0,1.0,0.0,0.0,0.0339439,0.03394389897584915,1.1074593165140028,1.1074592789770548,1.1003062,0.0339439,1
2024-04-23,-0.0044423826,0.001365143,1.0,1.0,0.0,0.0,-0.0044423826,-0.004442382603883743,1.1025395461349896,1.1025395211416174,1.0954182,-0.0044423826,1
2024-04-24,0.0017195728,0.0006592594,1.0,1.0,0.0,0.0,0.0017195728,0.001719572814181447,1.1044354665252376,1.104435418128733,1.0973018,0.0017195728,1
2024-04-25,-0.009532024,0.00068906264,1.0,1.0,0.0,0.0,-0.009532024,-0.009532024152576923,1.093907949668914,1.0939079130481686,1.0868423,-0.009532024,1
2024-04-26,0.004852341,0.0022763915,1.0,1.0,0.0,0.0,0.004852341,0.0048523410223424435,1.099215913658091,1.0992159272893172,1.092116,0.004852341,1
2024-04-29,-0.007646588,0.0020855973,1.0,1.0,0.0,0.0,-0.007646588,-0.007646588142961264,1.0908106924860344,1.0908106758131526,1.083765,-0.007646588,1
2024-04-30,-0.013897807,0.0017570677,1.0,1.0,0.0,0.0,-0.013897807,-0.013897807337343693,1.0756507841475538,1.0756507991991837,1.068703,-0.013897807,1
2024-05-02,-0.020648047,0.0013917773,1.0,1.0,0.0,0.0,-0.020648047,-0.0206480473279953,1.053440679819634,1.053440710588923,1.0466365,-0.020648047,1
2024-05-03,0.0046859575,0.0010673925,1.0,1.0,0.0,0.0,0.0046859575,0.004685957450419664,1.0583771006993592,1.0583770889352826,1.051541,0.0046859575,1
2024-05-06,0.002140426,0.0011092104,1.0,1.0,0.0,0.0,0.002140426,0.0021404260769486427,1.0606424540026793,1.0606424668556846,1.0537916,0.002140426,1
2024-05-07,0.0019031286,0.0011307168,1.0,1.0,0.0,0.0,0.0019031286,0.0019031285773962736,1.062661043592055,1.0626610058447579,1.0557972,0.0019031286,1
2024-05-08,-0.0102572795,-0.0027074818,-1.0,-1.0,-2.0,0.0024262640687119285,-0.0102572795,-0.012683543569077187,1.049182735946494,1.0491826986779664,1.0449675,-0.0102572795,2
2024-05-09,0.019949408,-0.011359631,-1.0,-1.0,0.0,0.0,-0.019949408,-0.019949408248066902,1.0282521319064466,1.0282521246952312,1.065814,0.019949408,2
2024-05-10,-0.011750799,-0.01035434,-1.0,-1.0,0.0,0.0,0.011750799,0.011750798672437668,1.0403349348456725,1.040334908397031,1.0532899,-0.011750799,2
2024-05-13,-0.001283847,0.0004227484,1.0,1.0,2.0,0.0019262640687119283,0.001283847,-0.0006424170403223552,1.039666605955885,1.0396665795242346,1.0519377,-0.001283847,3
2024-05-14,0.01973694,0.004696554,1.0,1.0,0.0,0.0,0.01973694,0.019736940041184425,1.0601863872610893,1.0601864164671277,1.0726997,0.01973694,3
2024-05-15,0.026517525,0.011805756,1.0,1.0,0.0,0.0,0.026517525,0.02651752531528473,1.0882998908261972,1.088299936604716,1.101145,0.026517525,3
2024-05-16,-0.00048343424,0.024355054,1.0,1.0,0.0,0.0,-0.00048343424,-0.00048343423986807466,1.0877737486811303,1.087773815152115,1.1006126,-0.00048343424,3
2024-05-17,-0.00011140847,0.036842797,1.0,1.0,0.0,0.0,-0.00011140847,-0.00011140847345814109,1.0876525695095511,1.0876526279319012,1.10049,-0.00011140847,3
2024-05-21,0.002674382,0.028346183,1.0,1.0,0.0,0.0,0.002674382,0.002674381947144866,1.090561323589415,1.090561426484807,1.103433,0.002674382,3
2024-05-22,0.019214699,0.009394136,1.0,1.0,0.0,0.0,0.019214699,0.019214699044823647,1.1115161860579865,1.111516236084606,1.1246352,0.019214699,3
2024-05-23,0.010461404,0.00088401756,1.0,1.0,0.0,0.0,0.010461404,0.010461403988301754,1.123144256643701,1.1231442564698437,1.1364006,0.010461404,3
2024-05-24,-0.0029932775,0.0010149704,1.0,1.0,0.0,0.0,-0.0029932775,-0.002993277506902814,1.1197823650506984,1.1197823740299455,1.1329991,-0.0029932775,3
2024-05-27,-0.009653754,-0.0024141278,-1.0,-1.0,-2.0,0.0024262640687119285,-0.009653754,-0.012080017669726544,1.1062553742946377,1.1062553831654154,1.1220614,-0.009653754,4
2024-05-28,0.004402986,0.0020193532,1.0,1.0,2.0,0.0019262640687119283,-0.004402986,-0.006329249865044287,1.099253607616179,1.0992536164308113,1.1270018,0.004402986,5
2024-05-29,3.6222667e-05,0.0021407963,1.0,1.0,0.0,0.0,3.6222667e-05,3.6222667404217646e-05,1.0992934441536253,1.0992934343289522,1.1270427,3.6222667e-05,5
2024-05-30,-0.0032000234,0.0019094748,1.0,1.0,0.0,0.0,-0.0032000234,-0.0032000234350562096,1.0957757111080308,1.0957756695770962,1.1234361,-0.0032000234,5
2024-05-31,0.013278757,0.0015525222,1.0,1.0,0.0,0.0,0.013278757,0.013278757221996784,1.110326212986331,1.1103262086631813,1.138354,0.013278757,5
2024-06-03,-0.06796139,0.0013074845,1.0,1.0,0.0,0.0,-0.06796139,-0.06796138733625412,1.0348668948833957,1.0348668991266283,1.0609899,-0.06796139,5
2024-06-04,0.0337771,0.0013535435,1.0,1.0,0.0,0.0,0.0337771,0.03377709910273552,1.0698217158259102,1.0698217009365691,1.096827,0.0337771,5
2024-06-05,0.019338023,0.0010044744,1.0,1.0,0.0,0.0,0.019338023,0.01933802291750908,1.0905099407280112,1.0905099375069292,1.1180375,0.019338023,5
2024-06-06,0.03909863,0.0013261612,1.0,1.0,0.0,0.0,0.03909863,0.03909863159060478,1.1331473749590297,1.133147383799406,1.1617512,0.03909863,5
2024-06-07,0.0005612427,0.0015584432,1.0,1.0,0.0,0.0,0.0005612427,0.0005612426903098822,1.1337833395721464,1.133783354485607,1.1624032,0.0005612427,5
2024-06-10,0.0008410104,-0.0017040415,-1.0,-1.0,-2.0,0.0024262640687119285,0.0008410104,-0.0015852536485944013,1.1319860053963742,1.131986020286193,1.1633809,0.0008410104,6
2024-06-11,0.0077819633,-0.008476353,-1.0,-1.0,0.0,0.0,-0.0077819633,-0.00778196332976222,1.123176910200571,1.1231769465865225,1.1724343,0.0077819633,6
2024-06-12,-0.008833403,-0.00219419,-1.0,-1.0,0.0,0.0,0.008833403,0.008833402767777443,1.1330983905040806,1.1330984209352037,1.1620778,-0.008833403,6
2024-06-13,0.001156549,0.0011685934,1.0,1.0,2.0,0.0019262640687119283,-0.001156549,-0.003082813038159541,1.129605260012317,1.1296052903496268,1.1634218,0.001156549,7
2024-06-14,0.0006653494,0.00053246866,1.0,1.0,0.0,0.0,0.0006653494,0.0006653494201600552,1.130356794349853,1.1303568725745705,1.1641958,0.0006653494,7
2024-06-18,-0.025527027,0.00023464835,1.0,1.0,0.0,0.0,-0.025527027,-0.025527026504278183,1.1015021759775436,1.1015022227290665,1.1344774,-0.025527027,7
2024-06-19,-0.008076405,-0.00021120906,-1.0,-1.0,-2.0,0.0024262640687119285,-0.008076405,-0.010502669221390419,1.0899334629766098,1.0899335092371167,1.1253148,-0.008076405,8
2024-06-20,0.024954839,0.00038101792,1.0,1.0,2.0,0.0019262640687119283,-0.024954839,-0.026881102746952705,1.0606348495709936,1.0606348945879671,1.1533968,0.024954839,9
2024-06-21,0.0026446292,0.0012379271,1.0,1.0,0.0,0.0,0.0026446292,0.002644629217684269,1.0634398661050517,1.06343988061949,1.1564472,0.0026446292,9
2024-06-24,-0.003421783,0.0045572943,1.0,1.0,0.0,0.0,-0.003421783,-0.0034217829816043377,1.059801005174051,1.0598010201340269,1.15249,-0.003421783,9
2024-06-25,0.030999653,0.014102561,1.0,1.0,0.0,0.0,0.030999653,0.030999653041362762,1.092654476523467,1.0926544840510641,1.1882168,0.030999653,9
2024-06-26,0.011106394,0.012872478,1.0,1.0,0.0,0.0,0.011106394,0.011106394231319427,1.1047899034756217,1.1047899355095543,1.2014136,0.011106394,9
2024-06-27,-0.021748545,0.010030003,1.0,1.0,0.0,0.0,-0.021748545,-0.02174854464828968,1.080762332990734,1.0807623622701437,1.1752846,-0.021748545,9
2024-06-28,0.0068666665,0.0007342687,1.0,1.0,0.0,0.0,0.0068666665,0.006866666488349438,1.0881835966741644,1.0881835969650133,1.183355,0.0068666665,9
2024-07-01,-0.024401255,-6.034749e-05,-1.0,-1.0,-2.0,0.0024262640687119285,-0.024401255,-0.026827519020665817,1.0589903305364117,1.058990330819458,1.1544796,-0.024401255,10
2024-07-02,0.00063409,0.0003281664,1.0,1.0,2.0,0.0019262640687119283,-0.00063409,-0.002560354054108641,1.056278940350361,1.0562789406326825,1.1552117,0.00063409,11
2024-07-03,0.0022512523,0.0011586809,1.0,1.0,0.0,0.0,0.0022512523,0.0022512522991746664,1.0586569067291114,1.0586568910263516,1.1578124,0.0022512523,11
2024-07-04,0.0046620886,0.010860409,1.0,1.0,0.0,0.0,0.0046620886,0.004662088584154844,1.0635924042882252,1.0635924432325425,1.1632102,0.0046620886,11
2024-07-05,0.0038048616,0.024559347,1.0,1.0,0.0,0.0,0.0038048616,0.003804861567914486,1.0676391637467275,1.0676392652437223,1.1676359,0.0038048616,11
2024-07-08,0.0002787249,0.019794432,1.0,1.0,0.0,0.0,0.0002787249,0.00027872491045854986,1.0679367268662392,1.0679368429023295,1.1679614,0.0002787249,11
2024-07-09,0.0065957718,0.0073694093,1.0,1.0,0.0,0.0,0.0065957718,0.006595771759748459,1.0749805500083842,1.0749807105719396,1.1756649,0.0065957718,11
2024-07-10,-0.0049254876,0.0021940644,1.0,1.0,0.0,0.0,-0.0049254876,-0.0049254875630140305,1.0696857446765287,1.0696859064515374,1.1698742,-0.0049254876,11
2024-07-11,-0.0032738394,0.0024850513,1.0,1.0,0.0,0.0,-0.0032738394,-0.0032738393638283014,1.0661837596504014,1.066183926624064,1.1660442,-0.0032738394,11
2024-07-12,0.0030304536,0.0028187027,1.0,1.0,0.0,0.0,0.0030304536,0.0030304535757750273,1.0694147435459502,1.0694149475169359,1.1695778,0.0030304536,11
2024-07-15,0.019903561,0.0031080814,1.0,1.0,0.0,0.0,0.019903561,0.01990356110036373,1.0906998833244048,1.0907001132664815,1.1928566,0.019903561,11
2024-07-16,0.011626676,0.0033699851,1.0,1.0,0.0,0.0,0.011626676,0.011626675724983215,1.1033811459391791,1.1033813297966333,1.2067256,0.011626676,11
2024-07-18,-0.014870973,0.003061809,1.0,1.0,0.0,0.0,-0.014870973,-0.01487097330391407,1.0869727635457624,1.0869729754971904,1.1887804,-0.014870973,11
2024-07-19,0.0024940604,0.002125573,1.0,1.0,0.0,0.0,0.0024940604,0.0024940604344010353,1.0896837787891622,1.0896839517886412,1.1917454,0.0024940604,11
2024-07-22,0.00020456496,0.0019565206,1.0,1.0,0.0,0.0,0.00020456496,0.00020456495985854417,1.0899066879255055,1.0899068629424973,1.1919892,0.00020456496,11
2024-07-23,-0.0071896138,-0.00032720377,-1.0,-1.0,-2.0,0.0024262640687119285,-0.0071896138,-0.00961587783568018,1.0794262783621231,1.079426451696173,1.1834192,-0.0071896138,12
2024-07-24,-0.0041661,-0.0016263655,-1.0,-1.0,0.0,0.0,0.0041661,0.004166100174188614,1.083923304516665,1.083923450424608,1.178489,-0.0041661,12
2024-07-25,0.044042163,0.0013518294,1.0,1.0,2.0,0.0019262640687119283,-0.044042163,-0.04596842666589134,1.03409705558154,1.0340971947823245,1.2303921,0.044042163,13
2024-07-26,-0.022065546,0.0023689768,1.0,1.0,0.0,0.0,-0.022065546,-0.022065546363592148,1.0112791660233336,1.0112792751863946,1.2032429,-0.022065546,13
2024-07-29,-0.007453271,-0.005459853,-1.0,-1.0,-2.0,0.0024262640687119285,-0.007453271,-0.009879535256553822,1.0012881978483876,1.0012883059329685,1.1942748,-0.007453271,14
2024-07-30,0.014315352,0.0014551408,1.0,1.0,2.0,0.0019262640687119283,-0.014315352,-0.016241615912545852,0.9850256595211689,0.9850257658502816,1.2113713,0.014315352,15
2024-07-31,0.00930921,0.0013240292,1.0,1.0,0.0,0.0,0.00930921,0.009309209883213043,0.9941954334309365,0.9941955774449545,1.2226481,0.00930921,15
2024-08-01,-0.007801845,-0.0057454132,-1.0,-1.0,-2.0,0.0024262640687119285,-0.007801845,-0.010228109272797041,0.9840266938992891,0.9840268364403159,1.2131093,-0.007801845,16
2024-08-02,-0.01899035,-0.0150802545,-1.0,-1.0,0.0,0.0,0.01899035,0.018990350887179375,1.0027137519211013,1.0027138513467184,1.190072,-0.01899035,16
2024-08-05,-0.015227583,-0.01124932,-1.0,-1.0,0.0,0.0,0.015227583,0.01522758323699236,1.0179826319597083,1.0179827599809859,1.1719501,-0.015227583,16
2024-08-06,0.004309578,0.0008705347,1.0,1.0,2.0,0.0019262640687119283,-0.004309578,-0.006235841936100653,1.011634653173112,1.011634780396069,1.1770006,0.004309578,17
2024-08-07,0.0069465763,0.0022476418,1.0,1.0,0.0,0.0,0.0069465763,0.006946576293557882,1.0186620377534503,1.018662178579307,1.1851767,0.0069465763,17
2024-08-08,0.008436531,0.0030445508,1.0,1.0,0.0,0.0,0.008436531,0.008436530828475952,1.0272560417972498,1.0272561534526938,1.1951755,0.008436531,17
2024-08-09,-0.0037636384,0.0035241996,1.0,1.0,0.0,0.0,-0.0037636384,-0.003763638436794281,1.0233898444348744,1.0233899327091258,1.1906774,-0.0037636384,17
2024-08-12,0.00075382757,0.0035461276,1.0,1.0,0.0,0.0,0.00075382757,0.0007538275676779449,1.0241613571073231,1.024161392252886,1.191575,0.00075382757,17
2024-08-13,0.008187317,0.0037112744,1.0,1.0,0.0,0.0,0.008187317,0.008187317289412022,1.0325464672479008,1.0325465265268263,1.2013308,0.008187317,17
2024-08-14,0.008019765,0.0036858832,1.0,1.0,0.0,0.0,0.008019765,0.0080197649076581,1.0408272885217167,1.0408273069257905,1.2109653,0.008019765,17
2024-08-16,-0.009413651,0.0033475435,1.0,1.0,0.0,0.0,-0.009413651,-0.009413651190698147,1.0310292947536996,1.0310293217086375,1.1995656,-0.009413651,17
2024-08-19,-0.014047119,0.002694915,1.0,1.0,0.0,0.0,-0.014047119,-0.014047118835151196,1.0165462758813675,1.016546330304071,1.1827152,-0.014047119,17
2024-08-20,0.009819443,0.0026699346,1.0,1.0,0.0,0.0,0.009819443,0.009819443337619305,1.0265281385802354,1.0265282493945567,1.1943287,0.009819443,17
2024-08-21,0.015526769,0.0030898033,1.0,1.0,0.0,0.0,0.015526769,0.015526768751442432,1.042466806472906,1.042466916139729,1.2128727,0.015526769,17
2024-08-22,0.013631608,0.0032178992,1.0,1.0,0.0,0.0,0.013631608,0.013631608337163925,1.0566772784987983,1.056677416844997,1.2294061,0.013631608,17
2024-08-23,0.0045029414,0.0029220781,1.0,1.0,0.0,0.0,0.0045029414,0.0045029413886368275,1.061435382684944,1.0614355733197463,1.234942,0.0045029414,17
2024-08-26,0.006059975,0.001997009,1.0,1.0,0.0,0.0,0.006059975,0.0060599748976528645,1.0678676855984655,1.0678678462495397,1.2424257,0.006059975,17
2024-08-27,0.021825384,0.0017722266,1.0,1.0,0.0,0.0,0.021825384,0.021825384348630905,1.0911743599856576,1.0911744724274806,1.2695422,0.021825384,17
2024-08-28,0.006117426,-0.0034096367,-1.0,-1.0,-2.0,0.0024262640687119285,0.006117426,0.0036911617902625283,1.095202061089751,1.095202173946615,1.2773086,0.006117426,18
2024-08-29,0.014675693,-0.007967095,-1.0,-1.0,0.0,0.0,-0.014675693,-0.014675692655146122,1.0791292295856842,1.0791293234465265,1.296054,0.014675693,18
2024-08-30,-0.011201304,-0.002207866,-1.0,-1.0,0.0,0.0,0.011201304,0.011201304383575916,1.0912168393297037,1.0912169794676934,1.2815365,-0.011201304,18
2024-09-02,-0.0068647247,0.0016503049,1.0,1.0,2.0,0.0019262640687119283,0.0068647247,0.004938460612069436,1.0966057707099603,1.096605911540016,1.272739,-0.0068647247,19
2024-09-03,0.0008326626,0.0009349835,1.0,1.0,0.0,0.0,0.0008326626,0.0008326626266352832,1.097518888989943,1.0975190142987026,1.2737988,0.0008326626,19
2024-09-04,-0.009456205,0.0009685916,1.0,1.0,0.0,0.0,-0.009456205,-0.009456205181777477,1.0871405118969042,1.0871406493085918,1.2617536,-0.009456205,19
2024-09-05,-0.005151583,0.0009925326,1.0,1.0,0.0,0.0,-0.005151583,-0.005151582881808281,1.081540031620395,1.0815401541494958,1.2552536,-0.005151583,19
2024-09-06,0.0022064662,0.0010161378,1.0,1.0,0.0,0.0,0.0022064662,0.0022064661607146263,1.0839263899345826,1.0839265359010808,1.2580231,0.0022064662,19
2024-09-09,0.022561405,0.0010449467,1.0,1.0,0.0,0.0,0.022561405,0.02256140485405922,1.1083813203154789,1.108381441309603,1.2864059,0.022561405,19
2024-09-10,-3.1676907e-05,0.0010374881,1.0,1.0,0.0,0.0,-3.1676907e-05,-3.1676907383371145e-05,1.1083462399731212,1.108346331213341,1.2863652,-3.1676907e-05,19
2024-09-11,0.042772215,0.001014261,1.0,1.0,0.0,0.0,0.042772215,0.042772214859724045,1.1557526180701925,1.155752758630985,1.3413858,0.042772215,19
2024-09-12,-0.0074973484,0.0010202513,1.0,1.0,0.0,0.0,-0.0074973484,-0.007497348356992006,1.14708751278312,1.147087677584974,1.331329,-0.0074973484,19
2024-09-13,0.0006116311,0.0009829967,1.0,1.0,0.0,0.0,0.0006116311,0.0006116310833021998,1.1477891436172334,1.147789272063858,1.3321433,0.0006116311,19
2024-09-16,0.015953282,0.0009876755,1.0,1.0,0.0,0.0,0.015953282,0.01595328189432621,1.166100170897769,1.1661002778763763,1.3533953,0.015953282,19
2024-09-17,-0.004130657,0.0009749605,1.0,1.0,0.0,0.0,-0.004130657,-0.004130656830966473,1.1612834058311818,1.1612835177979743,1.3478049,-0.004130657,19
2024-09-18,0.005994449,0.0009686622,1.0,1.0,0.0,0.0,0.005994449,0.005994448903948069,1.1682446485143805,1.1682447725084113,1.3558842,0.005994449,19
2024-09-19,0.027781216,0.0009832089,1.0,1.0,0.0,0.0,0.027781216,0.02778121642768383,1.2006999429276708,1.2007000333739777,1.3935523,0.027781216,19
2024-09-20,0.022356631,0.001008933,1.0,1.0,0.0,0.0,0.022356631,0.022356631234288216,1.2275435465382578,1.2275436412431173,1.4247074,0.022356631,19
2024-09-23,0.0035356681,0.0010352032,1.0,1.0,0.0,0.0,0.0035356681,0.003535668132826686,1.2318836842639422,1.2318838281771147,1.4297446,0.0035356681,19
2024-09-24,0.0021325643,0.0008698441,1.0,1.0,0.0,0.0,0.0021325643,0.002132564317435026,1.2345107193128797,1.2345108996723104,1.4327936,0.0021325643,19
2024-09-25,0.006059676,-0.00014166452,-1.0,-1.0,-2.0,0.0024262640687119285,0.006059676,0.0036334118743944844,1.2389962052194985,1.2389963862342492,1.4414759,0.006059676,20
2024-09-26,-0.020824017,-0.00011080288,-1.0,-1.0,0.0,0.0,0.020824017,0.020824017003178596,1.2647971548059815,1.2647972680480681,1.4114586,-0.020824017,20
2024-09-27,-0.014546595,-0.0005129046,-1.0,-1.0,0.0,0.0,0.014546595,0.014546594582498074,1.283195694541341,1.2831957611354146,1.3909267,-0.014546595,20
2024-09-30,-0.0063669435,0.0005098348,1.0,1.0,2.0,0.0019262640687119283,0.0063669435,0.004440679406147071,1.2888939552361474,1.288894022125944,1.3820708,-0.0063669435,21
2024-10-01,-0.014975849,0.0010439905,1.0,1.0,0.0,0.0,-0.014975849,-0.014975848607718945,1.269591678092255,1.2695917403791919,1.3613731,-0.014975849,21
2024-10-03,-0.019642472,0.00037044377,1.0,1.0,0.0,0.0,-0.019642472,-0.01964247226715088,1.2446537587647222,1.2446538198281898,1.3346323,-0.019642472,21
2024-10-04,0.012806849,0.0006228562,1.0,1.0,0.0,0.0,0.012806849,0.012806848622858524,1.2605939055222786,1.260593912886592,1.3517247,0.012806849,21
2024-10-07,-0.0027714802,0.0029236167,1.0,1.0,0.0,0.0,-0.0027714802,-0.002771480241790414,1.257100173581355,1.2571002017641055,1.3479785,-0.0027714802,21
2024-10-08,0.012381907,0.0018082758,1.0,1.0,0.0,0.0,0.012381907,0.012381906621158123,1.2726654763979097,1.2726654990757877,1.364669,0.012381907,21
2024-10-09,0.0,0.0075242743,1.0,1.0,0.0,0.0,0.0,0.0,1.2726654763979097,1.2726654990757877,1.364669,0.0,21
2024-10-10,0.005526687,0.004341792,1.0,1.0,0.0,0.0,0.005526687,0.005526687018573284,1.279699068163228,1.279699122968516,1.372211,0.005526687,21
2024-10-11,0.0048477403,0.0046895593,1.0,1.0,0.0,0.0,0.0048477403,0.004847740288823843,1.285902748476568,1.2859027719645029,1.3788631,0.0048477403,21
2024-10-14,0.012687561,0.004437041,1.0,1.0,0.0,0.0,0.012687561,0.012687561102211475,1.302217721762137,1.3022177419553056,1.3963575,0.012687561,21
2024-10-15,0.009677872,0.0039391126,1.0,1.0,0.0,0.0,0.009677872,0.009677872061729431,1.314820437674424,1.3148204386584632,1.4098713,0.009677872,21
2024-10-16,-0.019097548,0.003859546,1.0,1.0,0.0,0.0,-0.019097548,-0.019097547978162766,1.2897105667928286,1.2897105922485141,1.3829463,-0.019097548,21
2024-10-17,0.003930715,0.0037970878,1.0,1.0,0.0,0.0,0.003930715,0.003930714912712574,1.2947800165178438,1.2947800769065487,1.3883822,0.003930715,21
2024-10-18,-0.008998885,0.0037051463,1.0,1.0,0.0,0.0,-0.008998885,-0.008998884819447994,1.2831284583705447,1.2831285001279507,1.3758883,-0.008998885,21
2024-10-21,-0.00017734162,0.0037370017,1.0,1.0,0.0,0.0,-0.00017734162,-0.0001773416151991114,1.2829009291330566,1.28290094804723,1.3756443,-0.00017734162,21
2024-10-22,-0.003818771,0.0038690087,1.0,1.0,0.0,0.0,-0.003818771,-0.0038187711033970118,1.278001850720542,1.2780018429783067,1.3703911,-0.003818771,21
2024-10-23,-0.0043695644,0.004215602,1.0,1.0,0.0,0.0,-0.0043695644,-0.004369564354419708,1.2724175489106069,1.2724175316803459,1.3644031,-0.0043695644,21
2024-10-24,-0.007445151,0.004494254,1.0,1.0,0.0,0.0,-0.007445151,-0.00744515098631382,1.262944201031145,1.2629441910393528,1.354245,-0.007445151,21
2024-10-25,-0.0015918845,0.004707936,1.0,1.0,0.0,0.0,-0.0015918845,-0.0015918845310807228,1.2609337690991165,1.260933729718019,1.3520892,-0.0015918845,21
2024-10-28,-0.015907208,0.004826971,1.0,1.0,0.0,0.0,-0.015907208,-0.015907207503914833,1.2408758081499696,1.2408757952307092,1.3305812,-0.015907208,21
2024-10-29,-0.002293365,0.0049371533,1.0,1.0,0.0,0.0,-0.002293365,-0.0022933650761842728,1.2380300477094783,1.2380300140180447,1.3275297,-0.002293365,21
2024-10-30,-0.012785296,0.004556711,1.0,1.0,0.0,0.0,-0.012785296,-0.012785295955836773,1.2222014429341819,1.2222014338866152,1.3105568,-0.012785296,21
2024-10-31,0.0023846054,0.004286512,1.0,1.0,0.0,0.0,0.0023846054,0.0023846053518354893,1.2251159810392471,1.2251159019668822,1.313682,0.0023846054,21
2024-11-01,-0.015712485,0.0032804902,1.0,1.0,0.0,0.0,-0.015712485,-0.01571248471736908,1.2058663466545125,1.2058662870802217,1.2930408,-0.015712485,21
2024-11-04,-0.008108198,0.0027359002,1.0,1.0,0.0,0.0,-0.008108198,-0.008108197711408138,1.1960889427792538,1.1960888848110536,1.2825565,-0.008108198,21
2024-11-05,0.012841715,0.002219736,1.0,1.0,0.0,0.0,0.012841715,0.012841714546084404,1.211448759958928,1.2114487168415415,1.2990267,0.012841715,21
2024-11-06,-0.014490304,0.0017763342,1.0,1.0,0.0,0.0,-0.014490304,-0.014490303583443165,1.1938944962665887,1.1938944571587349,1.2802035,-0.014490304,21
2024-11-07,-0.0037511287,0.0028946227,1.0,1.0,0.0,0.0,-0.0037511287,-0.0037511286791414022,1.1894160796846276,1.1894160054206189,1.2754012,-0.0037511287,21
2024-11-08,-0.005973593,0.0024112258,1.0,1.0,0.0,0.0,-0.005973593,-0.00597359286621213,1.1823110105536112,1.1823109184556797,1.2677826,-0.005973593,21
2024-11-11,-0.0031448388,0.0032112184,1.0,1.0,0.0,0.0,-0.0031448388,-0.003144838847219944,1.178592807632529,1.178592741149828,1.2637956,-0.0031448388,21
2024-11-12,-0.0033483193,0.0033768713,1.0,1.0,0.0,0.0,-0.0033483193,-0.003348319325596094,1.174646536036052,1.1746464362976288,1.259564,-0.0033483193,21
2024-11-13,3.223568e-05,0.004689079,1.0,1.0,0.0,0.0,3.223568e-05,3.223567910026759e-05,1.1746843438063912,1.1746843018232056,1.2596046,3.223568e-05,21
2024-11-14,-0.008744995,0.005229337,1.0,1.0,0.0,0.0,-0.008744995,-0.00874499510973692,1.1644117119901087,1.1644116933482769,1.2485893,-0.008744995,21
2024-11-18,-0.007510258,0.005260432,1.0,1.0,0.0,0.0,-0.007510258,-0.007510257884860039,1.1556666949311125,1.1556666612470847,1.239212,-0.007510258,21
2024-11-19,-0.00022937033,0.0049180193,1.0,1.0,0.0,0.0,-0.00022937033,-0.00022937032917980105,1.1554016327514223,1.1554015856045723,1.2389278,-0.00022937033,21
2024-11-21,0.028536865,0.004602777,1.0,1.0,0.0,0.0,0.028536865,0.02853686548769474,1.1883732318363,1.1883731252372391,1.274283,0.028536865,21
2024-11-22,0.006003703,0.005329736,1.0,1.0,0.0,0.0,0.006003703,0.006003702990710735,1.1955079127124324,1.1955077645233063,1.2819335,0.006003703,21
2024-11-25,-0.0009505968,0.0049990523,1.0,1.0,0.0,0.0,-0.0009505968,-0.0009505968191660941,1.1943714929278901,1.1943713186450622,1.280715,-0.0009505968,21
2024-11-26,0.0002536335,0.005077991,1.0,1.0,0.0,0.0,0.0002536335,0.0002536335086915642,1.1946744779448262,1.1946742512332906,1.2810398,0.0002536335,21
2024-11-27,-0.010994227,0.0051687984,1.0,1.0,0.0,0.0,-0.010994227,-0.010994226671755314,1.181539921443893,1.1815397317163223,1.2669557,-0.010994227,21
2024-11-28,0.041887846,0.005569653,1.0,1.0,0.0,0.0,0.041887846,0.04188784584403038,1.2310321231461154,1.2310318858570526,1.3200258,0.041887846,21
2024-11-29,0.010058926,0.0057840482,1.0,1.0,0.0,0.0,0.010058926,0.010058926418423653,1.2434149273671578,1.2434147450156219,1.3333038,0.010058926,21
2024-12-02,-0.014123306,0.005444061,1.0,1.0,0.0,0.0,-0.014123306,-0.014123305678367615,1.2258537797345799,1.2258536184867768,1.3144732,-0.014123306,21
2024-12-03,-0.022749221,0.005193309,1.0,1.0,0.0,0.0,-0.022749221,-0.022749220952391624,1.1979665315607757,1.1979664036645323,1.2845699,-0.022749221,21
2024-12-04,0.019535212,0.0036837868,1.0,1.0,0.0,0.0,0.019535212,0.019535211846232414,1.2213690280687135,1.2213689311447882,1.3096641,0.019535212,21
2024-12-05,-0.01089272,0.008953465,1.0,1.0,0.0,0.0,-0.01089272,-0.010892719961702824,1.2080649620139188,1.2080649014079037,1.2953982,-0.01089272,21
2024-12-06,0.0029371646,0.010468495,1.0,1.0,0.0,0.0,0.0029371646,0.0029371646232903004,1.2116132876239676,1.2116131868989577,1.299203,0.0029371646,21
2024-12-09,-0.015026032,0.0110754855,1.0,1.0,0.0,0.0,-0.015026032,-0.015026031993329525,1.1934075464721838,1.193407448389074,1.2796812,-0.015026032,21
2024-12-10,0.004645004,0.009468308,1.0,1.0,0.0,0.0,0.004645004,0.004645003937184811,1.1989509125525024,1.198950830685507,1.2856253,0.004645004,21
2024-12-11,0.015360739,0.007852206,1.0,1.0,0.0,0.0,0.015360739,0.015360739082098007,1.2173676534273832,1.2173676015679318,1.3053734,0.015360739,21
2024-12-12,0.04325907,0.0100938,1.0,1.0,0.0,0.0,0.04325907,0.043259069323539734,1.2700297907186584,1.2700297910363902,1.3618426,0.04325907,21
2024-12-13,-0.011482296,0.010993833,1.0,1.0,0.0,0.0,-0.011482296,-0.011482295580208302,1.2554469297175344,1.2554469335800402,1.3462056,-0.011482296,21
2024-12-16,-0.028831871,0.00024315657,1.0,1.0,0.0,0.0,-0.028831871,-0.02883187122642994,1.2192500104315196,1.2192500492594442,1.3073919,-0.028831871,21
2024-12-17,-0.008330219,-0.0035035433,-1.0,-1.0,-2.0,0.0024262640687119285,-0.008330219,-0.01075648349397295,1.2061351678192866,1.2061352062295594,1.296501,-0.008330219,22
2024-12-18,-0.0009993926,-0.0010825928,-1.0,-1.0,0.0,0.0,0.0009993926,0.0009993925923481584,1.2073406404372702,1.2073406088200356,1.2952054,-0.0009993926,22
2024-12-19,-0.013969515,6.0151564e-05,1.0,1.0,2.0,0.0019262640687119283,0.013969515,0.012043251381586857,1.2218809472732624,1.2218809152752534,1.2771119,-0.013969515,23
2024-12-20,0.005560885,0.0011192306,1.0,1.0,0.0,0.0,0.005560885,0.0055608851835131645,1.228675674411353,1.228675654753025,1.2842138,0.005560885,23
2024-12-23,-0.00189232,0.005853889,1.0,1.0,0.0,0.0,-0.00189232,-0.0018923199968412519,1.226350616707428,1.226350607241904,1.2817836,-0.00189232,23
2024-12-24,0.0098009575,0.005762253,1.0,1.0,0.0,0.0,0.0098009575,0.009800957515835762,1.2383699698948958,1.2383700174430012,1.2943462,0.0098009575,23
2024-12-26,0.00021870961,0.000664087,1.0,1.0,0.0,0.0,0.00021870961,0.00021870961063541472,1.2386408621448086,1.2386408608673387,1.2946293,0.00021870961,23
2024-12-27,-0.008127347,-0.0067225457,-1.0,-1.0,-2.0,0.0024262640687119285,-0.008127347,-0.010553610703576737,1.2255687286841896,1.2255687274202016,1.2841074,-0.008127347,24
2024-12-30,0.0005354415,-0.009268209,-1.0,-1.0,0.0,0.0,-0.0005354415,-0.0005354415043257177,1.2249125242287084,1.2249125070571372,1.284795,0.0005354415,24
2024-12-31,0.0049946127,0.002975192,1.0,1.0,2.0,0.0019262640687119283,-0.0049946127,-0.006920876721520356,1.2164350556538752,1.2164350386011464,1.2912121,0.0049946127,25
2025-01-01,0.008735272,0.0038211937,1.0,1.0,0.0,0.0,0.008735272,0.008735272102057934,1.227060979713403,1.2270609296578048,1.3024912,0.008735272,25
2025-01-02,-0.006763225,0.004296202,1.0,1.0,0.0,0.0,-0.006763225,-0.006763224955648184,1.218762096558646,1.2187620405562423,1.2936821,-0.006763225,25
2025-01-03,-0.0065258956,0.0042396993,1.0,1.0,0.0,0.0,-0.0065258956,-0.006525895558297634,1.2108086085124876,1.2108085267691546,1.2852397,-0.0065258956,25
2025-01-06,0.0015098085,0.0040950137,1.0,1.0,0.0,0.0,0.0015098085,0.0015098084695637226,1.2126366699771323,1.2126366157378907,1.2871802,0.0015098085,25
2025-01-07,0.0052349637,0.0044593667,1.0,1.0,0.0,0.0,0.0052349637,0.005234963726252317,1.2189847704874166,1.2189847244344039,1.2939185,0.0052349637,25
2025-01-08,0.0048967414,0.004643003,1.0,1.0,0.0,0.0,0.0048967414,0.004896741360425949,1.2249538463361525,1.2249537773522692,1.3002545,0.0048967414,25
2025-01-09,0.0054919133,0.00501317,1.0,1.0,0.0,0.0,0.0054919133,0.005491913296282291,1.2316812585242898,1.2316811172894413,1.3073955,0.0054919133,25
2025-01-10,-0.011640045,0.004851979,1.0,1.0,0.0,0.0,-0.011640045,-0.01164004486054182,1.2173444001554943,1.2173442938303098,1.2921773,-0.011640045,25
2025-01-13,0.0018140295,0.0046794647,1.0,1.0,0.0,0.0,0.0018140295,0.00181402952875942,1.2195526723428662,1.219552592325985,1.2945213,0.0018140295,25
2025-01-14,0.004582956,0.004455235,1.0,1.0,0.0,0.0,0.004582956,0.004582955967634916,1.2251418836265764,1.2251417481568299,1.3004541,0.004582956,25
2025-01-15,0.014053652,0.004340112,1.0,1.0,0.0,0.0,0.014053652,0.014053652063012123,1.2423596630010114,1.2423594640132964,1.3187304,0.014053652,25
2025-01-16,-0.0016575811,0.004385637,1.0,1.0,0.0,0.0,-0.0016575811,-0.001657581073231995,1.2403003211991261,1.2403001524795974,1.3165444,-0.0016575811,25
2025-01-17,0.008352085,0.003763358,1.0,1.0,0.0,0.0,0.008352085,0.008352085016667843,1.2506593606373564,1.250659244799293,1.3275403,0.008352085,25
2025-01-20,-0.009181984,0.0028436035,1.0,1.0,0.0,0.0,-0.009181984,-0.009181983768939972,1.2391758360056497,1.2391757119130713,1.3153509,-0.009181984,25
2025-01-21,0.0034378453,0.0033163633,1.0,1.0,0.0,0.0,0.0034378453,0.003437845269218087,1.2434359697411357,1.2434358062720017,1.3198729,0.0034378453,25
2025-01-22,0.002601239,0.002798195,1.0,1.0,0.0,0.0,0.002601239,0.002601238898932934,1.2466704773371184,1.2466702798596025,1.3233062,0.002601239,25
2025-01-23,0.0053645293,0.0026051612,1.0,1.0,0.0,0.0,0.0053645293,0.005364529322832823,1.2533582875376486,1.2533580791318135,1.3304051,0.0053645293,25
2025-01-24,-0.025991542,0.0028646835,1.0,1.0,0.0,0.0,-0.025991542,-0.025991542264819145,1.2207815516230969,1.2207813696451064,1.2958258,-0.025991542,25
2025-01-27,0.009779802,0.0044044615,1.0,1.0,0.0,0.0,0.009779802,0.009779801592230797,1.2327205643548407,1.2327203692277273,1.3084987,0.009779802,25
2025-01-28,-0.011122297,0.00091517036,1.0,1.0,0.0,0.0,-0.011122297,-0.011122296564280987,1.2190098932858637,1.2190096877003467,1.2939452,-0.011122297,25
2025-01-29,0.024868663,4.930829e-05,1.0,1.0,0.0,0.0,0.024868663,0.024868663400411606,1.2493249718862756,1.2493248293056074,1.3261238,0.024868663,25
2025-01-30,-0.008845963,-7.6881144e-05,-1.0,-1.0,-2.0,0.0024262640687119285,-0.008845963,-0.011272226652730637,1.235242297640257,1.2352421566667906,1.3143929,-0.008845963,26
2025-01-31,-0.0018771461,-0.00070217694,-1.0,-1.0,0.0,0.0,0.0018771461,0.0018771460745483637,1.237561080501602,1.2375608866322942,1.3119256,-0.0018771461,26
2025-02-01,0.017768165,0.0003713579,1.0,1.0,2.0,0.0019262640687119283,-0.017768165,-0.019694429165352516,1.2131880214638662,1.2131878314127038,1.3352362,0.017768165,27
2025-02-03,0.005492175,0.0005872749,1.0,1.0,0.0,0.0,0.005492175,0.005492174997925758,1.21985110531817,1.2198508712881764,1.3425696,0.005492175,27
2025-02-04,-0.0006020568,-0.00023792265,-1.0,-1.0,-2.0,0.0024262640687119285,-0.0006020568,-0.0030283208649087767,1.216157004763853,1.2161567714425772,1.3417612,-0.0006020568,28
2025-02-05,-0.024816787,-5.7393394e-05,-1.0,-1.0,0.0,0.0,0.024816787,0.024816786870360374,1.2463380709118634,1.2463378748404133,1.308463,-0.024816787,28
2025-02-06,0.034585554,-0.00013088388,-1.0,-1.0,0.0,0.0,-0.034585554,-0.03458555415272713,1.2032328012825912,1.2032325887775253,1.353717,0.034585554,28
2025-02-07,0.009674261,0.0006175472,1.0,1.0,2.0,0.0019262640687119283,-0.009674261,-0.011600525392819576,1.1892746686178393,1.1892744585779436,1.3668133,0.009674261,29
2025-02-10,0.002182983,-7.915171e-05,-1.0,-1.0,-2.0,0.0024262640687119285,0.002182983,-0.00024328097388558786,1.1889853407182405,1.1889851307294435,1.369797,0.002182983,30
2025-02-11,0.008684733,0.000304355,1.0,1.0,2.0,0.0019262640687119283,-0.008684733,-0.01061099701993578,1.176369020811132,1.1763688130505254,1.3816934,0.008684733,31
2025-02-12,0.0017804619,0.0012754851,1.0,1.0,0.0,0.0,0.0017804619,0.0017804618692025542,1.1784635575560645,1.178463292866281,1.3841535,0.0017804619,31
2025-02-13,0.0014278396,0.0009688512,1.0,1.0,0.0,0.0,0.0014278396,0.001427839626558125,1.1801462725538814,1.1801459494542796,1.3861299,0.0014278396,31
2025-02-14,-0.024466151,0.0001354994,1.0,1.0,0.0,0.0,-0.024466151,-0.024466151371598244,1.1512726286143695,1.1512723200143526,1.3522166,-0.024466151,31
2025-02-17,-0.003976766,-0.0005706437,-1.0,-1.0,-2.0,0.0024262640687119285,-0.003976766,-0.006403030088771514,1.1439009953329726,1.143900688708931,1.3468392,-0.003976766,32
2025-02-18,-0.01430279,0.0010441607,1.0,1.0,2.0,0.0019262640687119283,0.01430279,0.01237652609623558,1.158058515853221,1.158058205434239,1.3275757,-0.01430279,33
2025-02-19,-0.0010338214,0.0010854066,1.0,1.0,0.0,0.0,-0.0010338214,-0.0010338213760405779,1.1568612656683588,1.156860980106762,1.3262032,-0.0010338214,33
2025-02-20,-0.002589277,0.0011570704,1.0,1.0,0.0,0.0,-0.002589277,-0.0025892769917845726,1.1538658217137778,1.1538655465882781,1.3227693,-0.002589277,33
2025-02-21,-0.023423016,0.001460819,1.0,1.0,0.0,0.0,-0.023423016,-0.02342301607131958,1.1268388040276296,1.126838535346399,1.2917861,-0.023423016,33
2025-02-24,0.02473368,0.0017916353,1.0,1.0,0.0,0.0,0.02473368,0.024733679369091988,1.1547096548169926,1.154709398380394,1.3237367,0.02473368,33
2025-02-25,0.005468147,0.0041985256,1.0,1.0,0.0,0.0,0.005468147,0.005468146875500679,1.1610237574507616,1.161023518969259,1.330975,0.005468147,33
2025-02-27,-0.049814723,0.0043462287,1.0,1.0,0.0,0.0,-0.049814723,-0.049814723432064056,1.1031877060261994,1.1031874534736836,1.2646729,-0.049814723,33
2025-02-28,0.016172286,0.004000098,1.0,1.0,0.0,0.0,0.016172286,0.016172286123037338,1.1210287773651668,1.121028516618605,1.2851255,0.016172286,33
2025-03-03,-0.012897737,0.0043590767,1.0,1.0,0.0,0.0,-0.012897737,-0.012897737324237823,1.1065700510141148,1.106569785278278,1.2685503,-0.012897737,33
2025-03-04,0.026867812,0.004285273,1.0,1.0,0.0,0.0,0.026867812,0.026867812499403954,1.1363012274354907,1.1363008947866406,1.3026335,0.026867812,33
2025-03-05,0.005331052,0.0045843464,1.0,1.0,0.0,0.0,0.005331052,0.005331052001565695,1.1423588940818419,1.142358573946174,1.309578,0.005331052,33
2025-03-06,0.0023329442,0.004623497,1.0,1.0,0.0,0.0,0.0023329442,0.0023329441901296377,1.1450239326147167,1.1450236327443064,1.312633,0.0023329442,33
2025-03-07,0.00015331364,0.004641288,1.0,1.0,0.0,0.0,0.00015331364,0.00015331363829318434,1.1451994683862468,1.145199180483374,1.3128343,0.00015331364,33
2025-03-10,0.019430501,0.004528781,1.0,1.0,0.0,0.0,0.019430501,0.019430501386523247,1.1674512874424736,1.1674509747476016,1.3383433,0.019430501,33
2025-03-11,-0.012160631,0.004399609,1.0,1.0,0.0,0.0,-0.012160631,-0.012160630896687508,1.1532543106278108,1.153254034353718,1.3220681,-0.012160631,33
2025-03-12,-0.0063199415,0.004142918,1.0,1.0,0.0,0.0,-0.0063199415,-0.006319941487163305,1.1459658124759018,1.1459655363367676,1.3137127,-0.0063199415,33
2025-03-13,0.0040652566,0.004122776,1.0,1.0,0.0,0.0,0.0040652566,0.00406525656580925,1.150624478864539,1.1506241802575516,1.3190533,0.0040652566,33
2025-03-17,0.0,0.00393312,1.0,1.0,0.0,0.0,0.0,0.0,1.150624478864539,1.1506241802575516,1.3190533,0.0,33
2025-03-18,-0.0012209489,0.0038685221,1.0,1.0,0.0,0.0,-0.0012209489,-0.0012209488777443767,1.1492196336372342,1.1492193269559607,1.3174428,-0.0012209489,33
2025-03-19,0.04075489,0.0030487054,1.0,1.0,0.0,0.0,0.04075489,0.04075488820672035,1.196055981299325,1.1960556321510534,1.371135,0.04075489,33
2025-03-20,0.011978916,0.0031520766,1.0,1.0,0.0,0.0,0.011978916,0.011978915892541409,1.2103833740368142,1.2103830819713912,1.3875597,0.011978916,33
2025-03-21,-0.004064282,0.0029408457,1.0,1.0,0.0,0.0,-0.004064282,-0.004064281936734915,1.2054640589892254,1.2054637438748053,1.3819202,-0.004064282,33
2025-03-24,0.0067839827,0.0034979414,1.0,1.0,0.0,0.0,0.0067839827,0.006783982738852501,1.2136418816588457,1.2136415891055645,1.3912951,0.0067839827,33
2025-03-25,0.0046410454,0.002946104,1.0,1.0,0.0,0.0,0.0046410454,0.0046410453505814075,1.2192744616693483,1.219274154759955,1.3977522,0.0046410454,33
2025-03-26,-0.007998376,0.0017541405,1.0,1.0,0.0,0.0,-0.007998376,-0.007998376153409481,1.2095222810923438,1.2095219414360545,1.3865725,-0.007998376,33
2025-03-27,0.0050318153,0.0008618575,1.0,1.0,0.0,0.0,0.0050318153,0.005031815264374018,1.2156083844702712,1.2156080324035679,1.3935494,0.0050318153,33
2025-03-28,-0.0053507104,0.00096976315,1.0,1.0,0.0,0.0,-0.0053507104,-0.005350710358470678,1.2091040177938277,1.2091036659127459,1.386093,-0.0053507104,33
2025-04-01,0.017506756,0.0010194323,1.0,1.0,0.0,0.0,0.017506756,0.017506755888462067,1.2302714616344683,1.230271148635725,1.4103589,0.017506756,33
2025-04-02,-0.0049133995,0.00107968,1.0,1.0,0.0,0.0,-0.0049133995,-0.004913399461656809,1.2242266585278674,1.2242263350363263,1.4034293,-0.0049133995,33
2025-04-03,-0.0014616249,0.0010755348,1.0,1.0,0.0,0.0,-0.0014616249,-0.0014616248663514853,1.2224372981166751,1.222436975382995,1.401378,-0.0014616249,33
2025-04-04,-0.033121545,0.0010767775,1.0,1.0,0.0,0.0,-0.033121545,-0.03312154486775398,1.1819483090687568,1.1819479742548455,1.3549622,-0.033121545,33
2025-04-07,0.01981251,0.0011021562,1.0,1.0,0.0,0.0,0.01981251,0.019812509417533875,1.205365618236013,1.2053653296258047,1.3818073,0.01981251,33
2025-04-08,-0.0028230867,0.001171429,1.0,1.0,0.0,0.0,-0.0028230867,-0.0028230866882950068,1.2019627332077623,1.2019624788092058,1.3779063,-0.0028230867,33
2025-04-09,0.023646343,0.001128216,1.0,1.0,0.0,0.0,0.023646343,0.023646343499422073,1.2303847703036774,1.2303844964565451,1.4104887,0.023646343,33
2025-04-11,0.023739705,0.0012620508,1.0,1.0,0.0,0.0,0.023739705,0.023739704862236977,1.259593730158827,1.2595934612694957,1.4439733,0.023739705,33
2025-04-15,0.013144274,0.001259687,1.0,1.0,0.0,0.0,0.013144274,0.013144274242222309,1.2761501509469688,1.276149903158132,1.4629532,0.013144274,33
2025-04-16,0.03583648,0.0010648005,1.0,1.0,0.0,0.0,0.03583648,0.03583648055791855,1.321882852496186,1.3218826243516482,1.5153803,0.03583648,33
2025-04-17,-0.0030218887,0.0010460392,1.0,1.0,0.0,0.0,-0.0030218887,-0.003021888667717576,1.3178882601431579,1.317888042229067,1.510801,-0.0030218887,33
2025-04-21,-0.016704528,0.0010528412,1.0,1.0,0.0,0.0,-0.016704528,-0.016704527661204338,1.2958735960685925,1.295873344973281,1.4855638,-0.016704528,33
2025-04-22,0.015748326,0.00082885055,1.0,1.0,0.0,0.0,0.015748326,0.01574832573533058,1.316281507983875,1.3162811805216528,1.5089589,0.015748326,33
2025-04-23,-0.019318052,0.0001531,1.0,1.0,0.0,0.0,-0.019318052,-0.019318051636219025,1.2908535236519036,1.2908531927085523,1.4798088,-0.019318052,33
2025-04-24,-0.015507618,0.00036406302,1.0,1.0,0.0,0.0,-0.015507618,-0.015507617965340614,1.2708354339094736,1.2708351345466877,1.4568604,-0.015507618,33
2025-04-25,0.0025282842,0.00043822837,1.0,1.0,0.0,0.0,0.0025282842,0.0025282842107117176,1.2740484996192774,1.2740481669517798,1.4605439,0.0025282842,33
2025-04-28,0.0010971297,0.0011053662,1.0,1.0,0.0,0.0,0.0010971297,0.0010971296578645706,1.2754462366862611,1.2754459629812906,1.4621462,0.0010971297,33
2025-04-29,0.022070711,0.0010160502,1.0,1.0,0.0,0.0,0.022070711,0.022070711478590965,1.303596311478027,1.3035959628367844,1.4944168,0.022070711,33
2025-04-30,-0.008780748,0.0010807446,1.0,1.0,0.0,0.0,-0.008780748,-0.008780747652053833,1.2921498000769878,1.2921494156468785,1.4812948,-0.008780748,33
2025-05-02,0.009584952,0.0010789447,1.0,1.0,0.0,0.0,0.009584952,0.009584952145814896,1.3045349314987196,1.3045346059610965,1.4954928,0.009584952,33
2025-05-05,0.018582903,0.0010734692,1.0,1.0,0.0,0.0,0.018582903,0.01858290284872055,1.328777025991236,1.3287766458064656,1.5232835,0.018582903,33
2025-05-06,-0.002211738,0.001034653,1.0,1.0,0.0,0.0,-0.002211738,-0.0022117379121482372,1.325838103997059,1.3258377401221582,1.5199144,-0.002211738,33
2025-05-07,-0.011612922,0.0010310235,1.0,1.0,0.0,0.0,-0.011612922,-0.011612921953201294,1.3104412890858155,1.3104408899235107,1.5022638,-0.011612922,33
2025-05-08,-0.014234962,0.0010229398,1.0,1.0,0.0,0.0,-0.014234962,-0.014234961941838264,1.2917872096495526,1.291786813728421,1.4808791,-0.014234962,33
2025-05-09,0.012045768,0.001031186,1.0,1.0,0.0,0.0,0.012045768,0.012045768089592457,1.3073477439090457,1.3073473781077871,1.4987173,0.012045768,33
2025-05-12,-0.027200086,0.0010278253,1.0,1.0,0.0,0.0,-0.027200086,-0.027200086042284966,1.2717877508714082,1.2717874169360996,1.457952,-0.027200086,33
2025-05-13,0.0074422816,0.0009722754,1.0,1.0,0.0,0.0,0.0074422816,0.00744228158146143,1.2812526953874592,1.2812524170046975,1.4688025,0.0074422816,33
2025-05-14,0.017831521,0.0025116913,1.0,1.0,0.0,0.0,0.017831521,0.01783152110874653,1.3040994347608388,1.3040990965241492,1.4949934,0.017831521,33
2025-05-15,-0.028905531,0.003335943,1.0,1.0,0.0,0.0,-0.028905531,-0.028905531391501427,1.2664037743315395,1.2664034191519418,1.4517798,-0.028905531,33
2025-05-16,0.002367621,0.003479761,1.0,1.0,0.0,0.0,0.002367621,0.0023676210548728704,1.2694021317898925,1.2694017825510888,1.4552171,0.002367621,33
2025-05-19,-0.0051830565,0.003733722,1.0,1.0,0.0,0.0,-0.0051830565,-0.005183056462556124,1.2628227683738136,1.262822401438457,1.4476746,-0.0051830565,33
2025-05-20,0.0074903066,0.0039262907,1.0,1.0,0.0,0.0,0.0074903066,0.007490306627005339,1.2722816610774936,1.2722813284406822,1.4585181,0.0074903066,33
2025-05-21,0.004871538,0.0041230833,1.0,1.0,0.0,0.0,0.004871538,0.004871537908911705,1.2784795654353958,1.2784792951629815,1.4656233,0.004871538,33
2025-05-22,0.00016373218,0.0042896564,1.0,1.0,0.0,0.0,0.00016373218,0.00016373218386434019,1.278688819753078,1.2786886233700039,1.4658631,0.00016373218,33
2025-05-23,0.008534691,0.0044055,1.0,1.0,0.0,0.0,0.008534691,0.008534691296517849,1.2896020067039287,1.2896018360348362,1.4783738,0.008534691,33
2025-05-26,-0.0019505048,0.004460581,1.0,1.0,0.0,0.0,-0.0019505048,-0.0019505048403516412,1.2870866349004435,1.2870864614115238,1.4754902,-0.0019505048,33
2025-05-27,0.0066488353,0.004477735,1.0,1.0,0.0,0.0,0.0066488353,0.006648835260421038,1.2956441893808694,1.2956440872593673,1.4853004,0.0066488353,33
2025-05-28,0.0040325667,0.00445976,1.0,1.0,0.0,0.0,0.0040325667,0.004032566677778959,1.3008690194883648,1.3008688584319108,1.4912901,0.0040325667,33
2025-05-29,-0.0039787795,0.0045159254,1.0,1.0,0.0,0.0,-0.0039787795,-0.003978779539465904,1.2956931363348125,1.2956929880344537,1.4853566,-0.0039787795,33
2025-05-30,-0.0011319483,0.0045525446,1.0,1.0,0.0,0.0,-0.0011319483,-0.0011319483164697886,1.2942264741453209,1.2942263305379864,1.4836752,-0.0011319483,33
2025-06-02,-0.0069274367,0.004544557,1.0,1.0,0.0,0.0,-0.0069274367,-0.00692743668332696,1.2852608100265188,1.28526065957929,1.4733971,-0.0069274367,33
2025-06-03,0.018350054,0.004530106,1.0,1.0,0.0,0.0,0.018350054,0.01835005357861519,1.3088453525093946,1.308845261545056,1.5004339,0.018350054,33
2025-06-04,0.0018112669,0.004597243,1.0,1.0,0.0,0.0,0.0018112669,0.001811266876757145,1.3112160195242353,1.3112159296140933,1.5031517,0.0018112669,33
2025-06-05,-0.004587915,0.004581483,1.0,1.0,0.0,0.0,-0.004587915,-0.004587914794683456,1.3052003063418562,1.3052001826515922,1.4962554,-0.004587915,33
2025-06-06,-0.0027307153,0.004466695,1.0,1.0,0.0,0.0,-0.0027307153,-0.0027307153213769197,1.3016361603694406,1.3016360525153616,1.4921695,-0.0027307153,33
2025-06-09,-0.0042984807,0.0043083252,1.0,1.0,0.0,0.0,-0.0042984807,-0.0042984806932508945,1.2960410667032827,1.296040995073985,1.4857554,-0.0042984807,33
2025-06-10,0.0016678345,0.004196391,1.0,1.0,0.0,0.0,0.0016678345,0.0016678344691172242,1.2982026780891343,1.2982025769189585,1.4882334,0.0016678345,33
2025-06-11,-0.008638445,0.0042055757,1.0,1.0,0.0,0.0,-0.008638445,-0.008638445287942886,1.2869882301179822,1.2869881249855775,1.4753774,-0.008638445,33
2025-06-12,-0.0020625843,0.004209106,1.0,1.0,0.0,0.0,-0.0020625843,-0.002062584273517132,1.2843337407965714,1.284333603518779,1.4723344,-0.0020625843,33
2025-06-13,0.0112922285,0.004129984,1.0,1.0,0.0,0.0,0.0112922285,0.01129222847521305,1.2988367188747811,1.2988365920081066,1.4889603,0.0112922285,33
2025-06-16,-0.00349828,0.004426405,1.0,1.0,0.0,0.0,-0.00349828,-0.003498279955238104,1.294293055261731,1.294292897993155,1.4837515,-0.00349828,33
2025-06-17,0.0059666685,0.0044212276,1.0,1.0,0.0,0.0,0.0059666685,0.0059666684828698635,1.3020156662124347,1.302015514635213,1.4926046,0.0059666685,33
2025-06-18,0.0059312116,0.0044640205,1.0,1.0,0.0,0.0,0.0059312116,0.00593121163547039,1.3097382573112677,1.3097380442051805,1.5014577,0.0059312116,33
2025-06-19,0.03131069,0.004361484,1.0,1.0,0.0,0.0,0.03131069,0.03131068870425224,1.350747049532525,1.350746844391405,1.5484693,0.03131069,33
2025-06-20,-0.00020647813,0.004154385,1.0,1.0,0.0,0.0,-0.00020647813,-0.00020647812925744802,1.3504681601280146,1.3504679447098746,1.5481496,-0.00020647813,33
2025-06-23,-0.0013954238,0.0033561857,1.0,1.0,0.0,0.0,-0.0013954238,-0.001395423780195415,1.3485837109979113,1.3485834696254348,1.5459893,-0.0013954238,33
2025-06-24,0.01641402,0.002832986,1.0,1.0,0.0,0.0,0.01641402,0.016414020210504532,1.3707194264528488,1.370719145951419,1.5713652,0.01641402,33
2025-06-25,0.024474166,0.0024279589,1.0,1.0,0.0,0.0,0.024474166,0.024474166333675385,1.4042666110546893,1.4042663543261875,1.6098231,0.024474166,33
2025-06-26,0.006334471,0.0028810482,1.0,1.0,0.0,0.0,0.006334471,0.006334471050649881,1.413161831204637,1.4131616388950683,1.6200204,0.006334471,33
2025-06-27,-0.008670538,0.0032998086,1.0,1.0,0.0,0.0,-0.008670538,-0.008670537732541561,1.4009089990243846,1.4009087675828484,1.605974,-0.008670538,33
2025-06-30,0.0048647723,0.002621275,1.0,1.0,0.0,0.0,0.0048647723,0.004864772316068411,1.407724157789842,1.407723869772723,1.6137867,0.0048647723,33
2025-07-01,0.006859698,0.0016023214,1.0,1.0,0.0,0.0,0.006859698,0.006859697867184877,1.4173806670952835,1.417380430199788,1.6248567,0.006859698,33
2025-07-02,-0.0069091995,0.00090593944,1.0,1.0,0.0,0.0,-0.0069091995,-0.006909199524670839,1.4075877124842393,1.407587466005174,1.6136303,-0.0069091995,33
2025-07-03,-0.0010405343,0.00093152816,1.0,1.0,0.0,0.0,-0.0010405343,-0.0010405343491584063,1.4061230917332852,1.4061228228973508,1.6119512,-0.0010405343,33
2025-07-04,0.008244724,0.0009777369,1.0,1.0,0.0,0.0,0.008244724,0.00824472401291132,1.4177162291489873,1.4177159175003953,1.6252414,0.008244724,33
2025-07-07,-0.001919331,0.000981393,1.0,1.0,0.0,0.0,-0.001919331,-0.0019193310290575027,1.4149951650406856,1.414994851349548,1.622122,-0.001919331,33
2025-07-08,-0.0050868667,0.0009956652,1.0,1.0,0.0,0.0,-0.0050868667,-0.005086866673082113,1.4077973121686675,1.4077969611976353,1.6138706,-0.0050868667,33
2025-07-09,-0.027711181,0.0010037902,1.0,1.0,0.0,0.0,-0.027711181,-0.027711180970072746,1.368785625415382,1.3687852448367692,1.5691484,-0.027711181,33
2025-07-10,-0.021923447,0.0010049943,1.0,1.0,0.0,0.0,-0.021923447,-0.021923447027802467,1.3387771594084752,1.3387767540291526,1.5347474,-0.021923447,33
2025-07-11,-0.0005204466,0.001023664,1.0,1.0,0.0,0.0,-0.0005204466,-0.0005204466287977993,1.338080369061617,1.3380799921808053,1.5339485,-0.0005204466,33
2025-07-14,0.006899954,0.0010447892,1.0,1.0,0.0,0.0,0.006899954,0.006899953819811344,1.347313060569154,1.3473126823340664,1.5445327,0.006899954,33
2025-07-15,0.0012400239,0.002025336,1.0,1.0,0.0,0.0,0.0012400239,0.0012400238774716854,1.34898374901425,1.348983382230581,1.5464479,0.0012400239,33
2025-07-16,-0.0034656157,0.0037730453,1.0,1.0,0.0,0.0,-0.0034656157,-0.003465615678578615,1.3443087205638244,1.3443083242709808,1.5410885,-0.0034656157,33
2025-07-17,-0.006763023,0.0043844623,1.0,1.0,0.0,0.0,-0.006763023,-0.006763022858649492,1.3352171055438609,1.3352167363448633,1.530666,-0.006763023,33
2025-07-18,0.00430421,0.004519335,1.0,1.0,0.0,0.0,0.00430421,0.004304210189729929,1.3409641077655365,1.3409637898269369,1.5372542,0.00430421,33
2025-07-21,-0.0012577685,0.0044897576,1.0,1.0,0.0,0.0,-0.0012577685,-0.001257768482901156,1.3392774736659299,1.3392771678353808,1.5353206,-0.0012577685,33
2025-07-22,0.019218326,0.0044649118,1.0,1.0,0.0,0.0,0.019218326,0.0192183256149292,1.3650161442435815,1.3650158325354813,1.564827,0.019218326,33
2025-07-23,-0.003969217,0.0044804974,1.0,1.0,0.0,0.0,-0.003969217,-0.00396921718493104,1.3595981323948059,1.3595977882352785,1.5586159,-0.003969217,33
2025-07-24,0.00092931493,0.0043163565,1.0,1.0,0.0,0.0,0.00092931493,0.0009293149341829121,1.3608616825619075,1.3608612827643676,1.5600644,0.00092931493,33
2025-07-25,-0.024869319,0.00453091,1.0,1.0,0.0,0.0,-0.024869319,-0.024869319051504135,1.3270179741237038,1.3270175893384613,1.5212667,-0.024869319,33
2025-07-28,0.014703821,0.0045852354,1.0,1.0,0.0,0.0,0.014703821,0.014703821390867233,1.3465302736635427,1.346529818954633,1.5436352,0.014703821,33
2025-07-29,0.0074268295,0.0047291177,1.0,1.0,0.0,0.0,0.0074268295,0.007426829542964697,1.3565307627291316,1.3565302663945282,1.5550996,0.0074268295,33
2025-07-30,-0.009514203,0.0048411186,1.0,1.0,0.0,0.0,-0.009514203,-0.009514203295111656,1.3436244406427766,1.3436239616640788,1.5403041,-0.009514203,33
2025-07-31,-0.015742587,0.005015358,1.0,1.0,0.0,0.0,-0.015742587,-0.0157425869256258,1.3224722985716935,1.3224718446522283,1.5160557,-0.015742587,33
2025-08-01,0.015899222,0.005038435,1.0,1.0,0.0,0.0,0.015899222,0.01589922234416008,1.3434985254981517,1.3434981185542456,1.5401597,0.015899222,33
2025-08-04,0.008943542,0.0050894143,1.0,1.0,0.0,0.0,0.008943542,0.008943541906774044,1.3555141821335521,1.3555137502792076,1.5539342,0.008943542,33
2025-08-05,-0.0010876998,0.0050579207,1.0,1.0,0.0,0.0,-0.0010876998,-0.0010876997839659452,1.3540397552495116,1.354039358265866,1.552244,-0.0010876998,33
2025-08-06,-0.0036860947,0.0051962244,1.0,1.0,0.0,0.0,-0.0036860947,-0.003686094656586647,1.3490486693301231,1.3490482410225542,1.5465223,-0.0036860947,33
2025-08-07,-0.03385494,0.0051152604,1.0,1.0,0.0,0.0,-0.03385494,-0.03385493904352188,1.30337667870962,1.303376295055965,1.4941648,-0.03385494,33
2025-08-08,-0.0006458412,0.0050996067,1.0,1.0,0.0,0.0,-0.0006458412,-0.0006458411808125675,1.3025349367713974,1.302534520970523,1.4931998,-0.0006458412,33
2025-08-11,-0.0038298522,0.0048125493,1.0,1.0,0.0,0.0,-0.0038298522,-0.0038298522122204304,1.2975464404781323,1.2975460062538906,1.4874811,-0.0038298522,33
2025-08-12,0.009199292,0.004656468,1.0,1.0,0.0,0.0,0.009199292,0.0091992923989892,1.3094829097070266,1.309482511366561,1.5011648,0.009199292,33
2025-08-13,0.003421354,0.004678717,1.0,1.0,0.0,0.0,0.003421354,0.0034213541075587273,1.31396305224183,1.3139627147356012,1.5063007,0.003421354,33
2025-08-14,0.009824606,0.004750978,1.0,1.0,0.0,0.0,0.009824606,0.009824605658650398,1.3268722577918461,1.3268718802580481,1.5210996,0.009824606,33
2025-08-18,0.009153064,0.00474799,1.0,1.0,0.0,0.0,0.009153064,0.009153064340353012,1.3390171307940792,1.3390168239494553,1.5350223,0.009153064,33
2025-08-19,0.009744519,0.0046594692,1.0,1.0,0.0,0.0,0.009744519,0.009744519367814064,1.3520652166412783,1.3520648993242597,1.5499803,0.009744519,33
2025-08-20,0.000777591,0.0045730355,1.0,1.0,0.0,0.0,0.000777591,0.0007775910198688507,1.353116585522522,1.353116252848254,1.5511856,0.000777591,33
2025-08-21,0.0017601594,0.0042158226,1.0,1.0,0.0,0.0,0.0017601594,0.0017601593863219023,1.3554982400694076,1.3554979531214897,1.5539159,0.0017601594,33
2025-08-22,-0.0013457894,0.0037450846,1.0,1.0,0.0,0.0,-0.0013457894,-0.0013457894092425704,1.3536739925445187,1.3536737383319288,1.5518246,-0.0013457894,33
2025-08-25,-0.013558132,0.0033181012,1.0,1.0,0.0,0.0,-0.013558132,-0.013558131642639637,1.3353206783989466,1.3353204515864405,1.5307847,-0.013558132,33
2025-08-26,-0.012467783,0.0031757485,1.0,1.0,0.0,0.0,-0.012467783,-0.012467782944440842,1.3186721651471591,1.318671966034788,1.5116992,-0.012467783,33
2025-08-28,0.004085033,0.0030189813,1.0,1.0,0.0,0.0,0.004085033,0.0040850332006812096,1.3240590252502016,1.3240587847968477,1.5178746,0.004085033,33
2025-08-29,0.0062279087,0.0028306325,1.0,1.0,0.0,0.0,0.0062279087,0.006227908656001091,1.332305067460798,1.3323049019637383,1.5273277,0.0062279087,33
2025-09-01,-0.0070754127,0.0030270554,1.0,1.0,0.0,0.0,-0.0070754127,-0.007075412664562464,1.3228784375993239,1.3228782949873255,1.5165212,-0.0070754127,33
2025-09-02,-0.0017501133,0.0030054771,1.0,1.0,0.0,0.0,-0.0017501133,-0.001750113326124847,1.3205632527268878,1.320563108054427,1.5138671,-0.0017501133,33
2025-09-03,-0.0018595338,0.003189641,1.0,1.0,0.0,0.0,-0.0018595338,-0.0018595338333398104,1.3181076049985296,1.3181074762759393,1.511052,-0.0018595338,33
2025-09-04,0.0078925695,0.0032844334,1.0,1.0,0.0,0.0,0.0078925695,0.007892569527029991,1.328510912473589,1.3285107311765452,1.5229782,0.0078925695,33
2025-09-05,-0.0040180204,0.0032832166,1.0,1.0,0.0,0.0,-0.0040180204,-0.00401802035048604,1.3231729440573299,1.3231727480228388,1.5168588,-0.0040180204,33
2025-09-08,0.0031734242,0.0029781982,1.0,1.0,0.0,0.0,0.0031734242,0.0031734241638332605,1.3273719943578983,1.32737173639434,1.5216725,0.0031734242,33
2025-09-09,-0.0012151989,0.00310008,1.0,1.0,0.0,0.0,-0.0012151989,-0.0012151988921687007,1.3257589460296793,1.3257587157307775,1.5198233,-0.0012151989,33
2025-09-10,0.011355333,0.0035307081,1.0,1.0,0.0,0.0,0.011355333,0.011355333030223846,1.3408133112359277,1.3408131474656224,1.5370814,0.011355333,33
2025-09-11,-0.005451325,0.0043447055,1.0,1.0,0.0,0.0,-0.005451325,-0.005451324861496687,1.3335041066683155,1.3335039394202215,1.5287023,-0.005451325,33
2025-09-12,0.0009981774,0.0036686067,1.0,1.0,0.0,0.0,0.0009981774,0.0009981774492189288,1.3348351296324514,1.3348350129809954,1.5302281,0.0009981774,33
2025-09-15,0.018210674,0.0040824274,1.0,1.0,0.0,0.0,0.018210674,0.018210673704743385,1.3591433443056025,1.3591432578520593,1.5580946,0.018210674,33
2025-09-16,0.0009276865,0.0034968448,1.0,1.0,0.0,0.0,0.0009276865,0.000927686516661197,1.3604042034976622,1.3604041167265797,1.55954,0.0009276865,33
2025-09-17,-0.000103090395,0.004182753,1.0,1.0,0.0,0.0,-0.000103090395,-0.0001030903949867934,1.3602639240095724,1.3602638721288447,1.5593792,-0.000103090395,33
2025-09-18,0.0109134605,0.008015889,1.0,1.0,0.0,0.0,0.0109134605,0.01091346051543951,1.3751091524406962,1.3751090581879017,1.5763975,0.0109134605,33
2025-09-19,-0.0031644525,0.008316551,1.0,1.0,0.0,0.0,-0.0031644525,-0.003164452500641346,1.3707576605118668,1.3707575908900644,1.5714091,-0.0031644525,33
2025-09-22,-0.008986157,0.0058311243,1.0,1.0,0.0,0.0,-0.008986157,-0.008986157365143299,1.358439792209298,1.3584397474688616,1.5572882,-0.008986157,33
2025-09-23,-0.0039278953,0.004787618,1.0,1.0,0.0,0.0,-0.0039278953,-0.003927895333617926,1.3531039949073618,1.3531039383237775,1.5511713,-0.0039278953,33
2025-09-24,0.0023275786,0.002277988,1.0,1.0,0.0,0.0,0.0023275786,0.0023275786079466343,1.3562534275069738,1.3562533941049484,1.5547818,0.0023275786,33
2025-09-25,-0.009864543,0.0009951347,1.0,1.0,0.0,0.0,-0.009864543,-0.00986454263329506,1.3428745723827145,1.342874574677249,1.5394446,-0.009864543,33
2025-09-26,-0.0075416956,0.0009888965,1.0,1.0,0.0,0.0,-0.0075416956,-0.007541695609688759,1.3327469936015262,1.332747023393043,1.5278345,-0.0075416956,33
2025-09-29,-0.012590737,0.0010625795,1.0,1.0,0.0,0.0,-0.012590737,-0.012590737082064152,1.3159666881304397,1.3159667560245976,1.508598,-0.012590737,33
2025-09-30,-0.005766168,0.0009716928,1.0,1.0,0.0,0.0,-0.005766168,-0.005766167771071196,1.3083786224221756,1.3083786709282075,1.4998991,-0.005766168,33
2025-10-01,0.015461328,0.00083374884,1.0,1.0,0.0,0.0,0.015461328,0.015461328439414501,1.328607890370986,1.328607943282553,1.5230895,0.015461328,33
2025-10-03,0.0033685905,0.0020925342,1.0,1.0,0.0,0.0,0.0033685905,0.0033685904927551746,1.3330834603065584,1.3330834793688937,1.5282202,0.0033685905,33
2025-10-06,0.013517615,0.0022435857,1.0,1.0,0.0,0.0,0.013517615,0.013517615385353565,1.351103573524151,1.3511035891195713,1.5488781,0.013517615,33
2025-10-07,0.0074887592,0.0024011538,1.0,1.0,0.0,0.0,0.0074887592,0.007488759234547615,1.3612216201045595,1.361221678599421,1.5604773,0.0074887592,33
2025-10-08,-0.00077208393,0.0022936813,1.0,1.0,0.0,0.0,-0.00077208393,-0.0007720839348621666,1.3601706767510726,1.3601707012095883,1.5592725,-0.00077208393,33
2025-10-09,-0.0010819837,0.0020711059,1.0,1.0,0.0,0.0,-0.0010819837,-0.001081983675248921,1.3586989678397097,1.3586990187153276,1.5575854,-0.0010819837,33
2025-10-10,0.007702632,0.0017884664,1.0,1.0,0.0,0.0,0.007702632,0.007702631875872612,1.3691644676113042,1.3691645770866012,1.5695828,0.007702632,33
2025-10-13,-0.0042548105,0.0011101699,1.0,1.0,0.0,0.0,-0.0042548105,-0.0042548105120658875,1.3633389220406942,1.363339041251265,1.5629045,-0.0042548105,33
2025-10-14,0.01118757,0.0012580357,1.0,1.0,0.0,0.0,0.01118757,0.011187570169568062,1.378591349041178,1.3785914924401752,1.5803895,0.01118757,33
2025-10-15,-0.00055894465,0.0015626401,1.0,1.0,0.0,0.0,-0.00055894465,-0.0005589446518570185,1.377820754583116,1.3778209360983802,1.5795062,-0.00055894465,33
2025-10-16,0.022416368,0.0015850636,1.0,1.0,0.0,0.0,0.022416368,0.0224163681268692,1.4087064712995627,1.408706677414869,1.6149129,0.022416368,33
2025-10-17,0.019442027,0.0012688132,1.0,1.0,0.0,0.0,0.019442027,0.019442027434706688,1.4360946572557056,1.4360947912846236,1.6463101,0.019442027,33
2025-10-20,-0.0039072414,0.0010317594,1.0,1.0,0.0,0.0,-0.0039072414,-0.003907241392880678,1.4304834573362981,1.4304836222720159,1.6398776,-0.0039072414,33
2025-10-21,-0.017574593,0.000862521,1.0,1.0,0.0,0.0,-0.017574593,-0.017574593424797058,1.40534327085685,1.4053434542097543,1.6110574,-0.017574593,33
2025-10-23,0.010601511,0.00087337545,1.0,1.0,0.0,0.0,0.010601511,0.010601511225104332,1.4202420464062429,1.420242218614686,1.6281371,0.010601511,33
2025-10-24,0.024725044,0.0009543515,1.0,1.0,0.0,0.0,0.024725044,0.024725044146180153,1.4553576439646307,1.4553577701682028,1.6683929,0.024725044,33
2025-10-27,0.0048437356,0.0009575166,1.0,1.0,0.0,0.0,0.0048437356,0.0048437356017529964,1.4624069770350963,1.4624071384128543,1.6764741,0.0048437356,33
2025-10-28,0.0049633863,0.0009841728,1.0,1.0,0.0,0.0,0.0049633863,0.004963386338204145,1.4696654848704647,1.469665630024545,1.6847951,0.0049633863,33
2025-10-29,-0.016463492,0.0006335797,1.0,1.0,0.0,0.0,-0.016463492,-0.016463492065668106,1.4454696204965995,1.4454698015854508,1.6570575,-0.016463492,33
2025-10-30,-0.005727109,0.00038269226,1.0,1.0,0.0,0.0,-0.005727109,-0.005727109033614397,1.4371912536635436,1.437191438426974,1.6475674,-0.005727109,33
2025-10-31,0.0094466265,0.0010563114,1.0,1.0,0.0,0.0,0.0094466265,0.009446626529097557,1.4507678546568568,1.4507680491966102,1.6631314,0.0094466265,33
2025-11-03,0.018771585,0.0010594236,1.0,1.0,0.0,0.0,0.018771585,0.018771585077047348,1.4780009857996221,1.4780012650591663,1.6943508,0.018771585,33
2025-11-04,-0.008744924,0.0010407823,1.0,1.0,0.0,0.0,-0.008744924,-0.008744924329221249,1.4650760216916563,1.4650762558377306,1.679534,-0.008744924,33
2025-11-06,-0.04575881,0.0010786561,1.0,1.0,0.0,0.0,-0.04575881,-0.04575880989432335,1.3980359247391707,1.398036109966165,1.6026806,-0.04575881,33
2025-11-07,0.009251532,0.0010954401,1.0,1.0,0.0,0.0,0.009251532,0.009251532144844532,1.4109698196131752,1.4109700859771703,1.6175077,0.009251532,33
2025-11-10,0.01107812,0.001136672,1.0,1.0,0.0,0.0,0.01107812,0.011078120209276676,1.4266007115724433,1.4266009822013188,1.6354266,0.01107812,33
2025-11-11,0.015306063,0.0011189318,1.0,1.0,0.0,0.0,0.015306063,0.015306062996387482,1.4484364263374874,1.4484366267056004,1.6604587,0.015306063,33
2025-11-12,0.0086423075,0.0011271494,1.0,1.0,0.0,0.0,0.0086423075,0.008642307482659817,1.4609542714436348,1.4609544614027368,1.6748089,0.0086423075,33
2025-11-13,0.004245646,0.0010955528,1.0,1.0,0.0,0.0,0.004245646,0.004245645832270384,1.4671569556526793,1.4671571566229282,1.6819195,0.004245646,33
2025-11-14,0.005459371,0.0014239259,1.0,1.0,0.0,0.0,0.005459371,0.005459371022880077,1.4751667931725665,1.4751669118898065,1.6911018,0.005459371,33
2025-11-17,0.017365692,0.0009995942,1.0,1.0,0.0,0.0,0.017365692,0.01736569218337536,1.5007840883696506,1.5007842064007852,1.720469,0.017365692,33
2025-11-18,0.004919948,0.00097554317,1.0,1.0,0.0,0.0,0.004919948,0.004919948056340218,1.5081679547864855,1.5081679867400528,1.7289337,0.004919948,33
2025-11-19,-0.00069479155,0.0010120091,1.0,1.0,0.0,0.0,-0.00069479155,-0.0006947915535420179,1.5071200625826213,1.5071201243615433,1.7277324,-0.00069479155,33
2025-11-20,0.0020365203,0.0011205606,1.0,1.0,0.0,0.0,0.0020365203,0.002036520279943943,1.5101894203532027,1.5101894050591171,1.7312511,0.0020365203,33
2025-11-21,-0.00491322,0.0010247906,1.0,1.0,0.0,0.0,-0.00491322,-0.004913220182061195,1.502769541279123,1.5027695119954456,1.7227451,-0.00491322,33
2025-11-24,0.004404536,0.0010256127,1.0,1.0,0.0,0.0,0.004404536,0.004404535982757807,1.5093885570933299,1.509388514384821,1.730333,0.004404536,33
2025-11-25,-0.016230164,0.0010536413,1.0,1.0,0.0,0.0,-0.016230164,-0.016230164095759392,1.4848909303159883,1.4848908911121008,1.7022494,-0.016230164,33
2025-11-26,-0.0052800393,0.0010596648,1.0,1.0,0.0,0.0,-0.0052800393,-0.005280039273202419,1.477050679694484,1.4770506088906084,1.6932615,-0.0052800393,33
2025-11-27,-0.0066394676,0.0010978103,1.0,1.0,0.0,0.0,-0.0066394676,-0.006639467552304268,1.4672438303749946,1.467243779299768,1.6820191,-0.0066394676,33
2025-11-28,-0.0056784926,0.0010712027,1.0,1.0,0.0,0.0,-0.0056784926,-0.005678492598235607,1.458912123107472,1.458912046359207,1.6724678,-0.0056784926,33
2025-12-01,0.0068198023,0.0019577537,1.0,1.0,0.0,0.0,0.0068198023,0.006819802336394787,1.4688616765555358,1.468861538141562,1.6838738,0.0068198023,33
2025-12-02,-0.00859198,0.0034194323,1.0,1.0,0.0,0.0,-0.00859198,-0.008591979742050171,1.4562412030112075,1.456241109561973,1.6694059,-0.00859198,33
2025-12-03,0.008496921,0.0048967614,1.0,1.0,0.0,0.0,0.008496921,0.008496920578181744,1.4686147105379663,1.4686146746126043,1.6835907,0.008496921,33
2025-12-04,0.0023737783,0.004159263,1.0,1.0,0.0,0.0,0.0023737783,0.002373778261244297,1.4721009295543923,1.472100840201344,1.6875871,0.0023737783,33
2025-12-05,-0.010774828,0.004171826,1.0,1.0,0.0,0.0,-0.010774828,-0.010774827562272549,1.456239261609162,1.456239207493898,1.6694037,-0.010774828,33
2025-12-08,0.001676307,0.004194662,1.0,1.0,0.0,0.0,0.001676307,0.0016763069434091449,1.4586803861076185,1.4586803113886846,1.6722021,0.001676307,33
2025-12-09,-0.010922285,0.004310903,1.0,1.0,0.0,0.0,-0.010922285,-0.010922284796833992,1.4427482227479362,1.4427481896001628,1.6539378,-0.010922285,33
2025-12-10,-0.0066986973,0.004375987,1.0,1.0,0.0,0.0,-0.0066986973,-0.006698697339743376,1.4330837313917109,1.4330836561405687,1.6428586,-0.0066986973,33
2025-12-11,0.014601532,0.0045647086,1.0,1.0,0.0,0.0,0.014601532,0.014601532369852066,1.454009029964129,1.4540088735344112,1.666847,0.014601532,33
2025-12-12,-0.006597416,0.004716039,1.0,1.0,0.0,0.0,-0.006597416,-0.0065974160097539425,1.444416351209167,1.4444161721138309,1.6558502,-0.006597416,33
2025-12-15,0.015485549,0.0047438857,1.0,1.0,0.0,0.0,0.015485549,0.015485549345612526,1.4667838969157698,1.4667837500227003,1.6814919,0.015485549,33
2025-12-16,0.0028504112,0.0048415805,1.0,1.0,0.0,0.0,0.0028504112,0.0028504112269729376,1.4709648372766917,1.4709646868913064,1.6862848,0.0028504112,33
2025-12-17,-0.0076190294,0.0047496455,1.0,1.0,0.0,0.0,-0.0076190294,-0.007619029376655817,1.4597575218740808,1.4597573637298582,1.6734369,-0.0076190294,33
2025-12-18,0.0027208396,0.0047181877,1.0,1.0,0.0,0.0,0.0027208396,0.002720839576795697,1.4637292780557087,1.4637291293376133,1.6779901,0.0027208396,33
2025-12-19,0.023509542,0.004862095,1.0,1.0,0.0,0.0,0.023509542,0.023509541526436806,1.4981408250470478,1.4981407300872311,1.7174388,0.023509542,33
2025-12-22,-0.011568005,0.0049308436,1.0,1.0,0.0,0.0,-0.011568005,-0.011568005196750164,1.4808103172211782,1.480810230336119,1.6975715,-0.011568005,33
2025-12-23,0.00037687994,0.004340411,1.0,1.0,0.0,0.0,0.00037687994,0.00037687993608415127,1.4813683170004903,1.4813683180010808,1.6982112,0.00037687994,33
2025-12-24,-0.008654474,0.0043131146,1.0,1.0,0.0,0.0,-0.008654474,-0.008654474280774593,1.4685478516210235,1.4685478539925862,1.6835141,-0.008654474,33
2025-12-26,-0.011368505,0.0038361885,1.0,1.0,0.0,0.0,-0.011368505,-0.011368504725396633,1.451852646121173,1.4518526607750004,1.6643751,-0.011368505,33
2025-12-29,0.008705194,0.00333477,1.0,1.0,0.0,0.0,0.008705194,0.008705194108188152,1.4644912254456988,1.4644913200035363,1.6788636,0.008705194,33
2025-12-30,0.0027584152,0.0033631609,1.0,1.0,0.0,0.0,0.0027584152,0.0027584151830524206,1.4685308542453266,1.4685309950960825,1.6834946,0.0027584152,33
2025-12-31,0.0022769894,0.0034335018,1.0,1.0,0.0,0.0,0.0022769894,0.002276989398524165,1.47187472343637,1.4718748246033204,1.6873279,0.0022769894,33
2026-01-01,-0.0019445466,0.0028039669,1.0,1.0,0.0,0.0,-0.0019445466,-0.0019445465877652168,1.4690126013192448,1.4690126954355205,1.6840467,-0.0019445466,33
2026-01-02,-0.00061743124,0.0023289155,1.0,1.0,0.0,0.0,-0.00061743124,-0.0006174312438815832,1.468105567545759,1.4681056810997,1.6830069,-0.00061743124,33
2026-01-05,0.00014244572,0.0019317971,1.0,1.0,0.0,0.0,0.00014244572,0.0001424457150278613,1.4683147066726818,1.4683148064631806,1.6832466,0.00014244572,33
2026-01-06,-0.010072836,0.0016866617,1.0,1.0,0.0,0.0,-0.010072836,-0.010072835721075535,1.4535246261528003,1.4535247126308541,1.6662916,-0.010072836,33
2026-01-07,-0.008625504,0.0021148194,1.0,1.0,0.0,0.0,-0.008625504,-0.00862550362944603,1.440987238799629,1.4409873299465672,1.651919,-0.008625504,33
2026-01-08,-0.019153418,0.0025682617,1.0,1.0,0.0,0.0,-0.019153418,-0.019153418019413948,1.4133874105383064,1.4133874972554215,1.6202791,-0.019153418,33
2026-01-09,0.008302466,0.0035800035,1.0,1.0,0.0,0.0,0.008302466,0.00830246601253748,1.4251219890994158,1.42512209891393,1.6337314,0.008302466,33
2026-01-12,-0.008401132,0.004260706,1.0,1.0,0.0,0.0,-0.008401132,-0.008401132188737392,1.4131493177027081,1.4131494597758631,1.6200061,-0.008401132,33
2026-01-13,-0.0021731742,0.004445692,1.0,1.0,0.0,0.0,-0.0021731742,-0.002173174172639847,1.4100782823102187,1.4100784398677983,1.6164855,-0.0021731742,33
2026-01-14,0.0,0.0046514864,1.0,1.0,0.0,0.0,0.0,0.0,1.4100782823102187,1.4100784398677983,1.6164855,0.0,33
2026-01-16,-0.0031790107,0.004812512,1.0,1.0,0.0,0.0,-0.0031790107,-0.0031790107022970915,1.4055956240916552,1.4055957854163803,1.6113466,-0.0031790107,33
2026-01-19,-0.0069895713,0.004759527,1.0,1.0,0.0,0.0,-0.0069895713,-0.006989571265876293,1.3957710753432375,1.395771273503197,1.600084,-0.0069895713,33
2026-01-20,5.0097813e-05,0.004963306,1.0,1.0,0.0,0.0,5.0097813e-05,5.009781307308003e-05,1.3958409586721097,1.3958411985915498,1.600164,5.0097813e-05,33
2026-01-21,0.0030512922,0.005127653,1.0,1.0,0.0,0.0,0.0030512922,0.0030512921512126923,1.4001000616339088,1.4001003178851514,1.6050466,0.0030512922,33
2026-01-22,-0.008778795,0.004985654,1.0,1.0,0.0,0.0,-0.008778795,-0.008778794668614864,1.3878088485102482,1.3878091246789752,1.5909562,-0.008778795,33
2026-01-23,-0.005709759,0.0049197054,1.0,1.0,0.0,0.0,-0.005709759,-0.005709758959710598,1.3798847828706218,1.3798850690949713,1.5818722,-0.005709759,33
2026-01-27,-0.0079876995,0.0051977606,1.0,1.0,0.0,0.0,-0.0079876995,-0.00798769947141409,1.3688627074775843,1.3688629618579493,1.5692368,-0.0079876995,33
2026-01-28,0.005196741,0.0051683164,1.0,1.0,0.0,0.0,0.005196741,0.005196740850806236,1.3759762633866304,1.3759765879309922,1.5773916,0.005196741,33
2026-01-29,0.00040637012,0.0051300176,1.0,1.0,0.0,0.0,0.00040637012,0.0004063701198901981,1.3765354387685156,1.3765357437019958,1.5780326,0.00040637012,33
2026-01-30,-0.0016776016,0.0050830524,1.0,1.0,0.0,0.0,-0.0016776016,-0.0016776015982031822,1.3742262004584087,1.3742264651383775,1.5753853,-0.0016776016,33
2026-02-02,0.01610049,0.0051534036,1.0,1.0,0.0,0.0,0.01610049,0.01610049046576023,1.3963519649309069,1.3963521852381333,1.6007499,0.01610049,33
2026-02-03,0.014168402,0.0051837945,1.0,1.0,0.0,0.0,0.014168402,0.014168402180075645,1.4161360125449964,1.4161362645836146,1.6234299,0.014168402,33
2026-02-04,-0.016624736,0.004899197,1.0,1.0,0.0,0.0,-0.016624736,-0.016624735668301582,1.3925931072017612,1.392593373514616,1.5964408,-0.016624736,33
2026-02-05,0.022825219,0.004607168,1.0,1.0,0.0,0.0,0.022825219,0.022825218737125397,1.4243793806123362,1.4243796218769587,1.63288,0.022825219,33
2026-02-06,-9.811876e-05,0.005165645,1.0,1.0,0.0,0.0,-9.811876e-05,-9.811876225285232e-05,1.424239635826283,1.424239863511482,1.6327198,-9.811876e-05,33
2026-02-09,-0.013285729,0.0041798144,1.0,1.0,0.0,0.0,-0.013285729,-0.013285729102790356,1.405317535380869,1.4053177985074732,1.6110278,-0.013285729,33
2026-02-10,0.00039760317,0.003626688,1.0,1.0,0.0,0.0,0.00039760317,0.0003976031730417162,1.4058762376089973,1.4058765573232916,1.6116683,0.00039760317,33
2026-02-11,0.0011921073,0.004641659,1.0,1.0,0.0,0.0,0.0011921073,0.001192107331007719,1.4075521726838143,1.4075525130737687,1.6135896,0.0011921073,33
2026-02-12,-0.0048766145,0.0050649056,1.0,1.0,0.0,0.0,-0.0048766145,-0.004876614548265934,1.4006880845919463,1.400688422011065,1.6057208,-0.0048766145,33
2026-02-13,0.012245788,0.0055458816,1.0,1.0,0.0,0.0,0.012245788,0.012245788238942623,1.417840594697283,1.4178409558157512,1.6253841,0.012245788,33
2026-02-16,-0.004494188,0.005201528,1.0,1.0,0.0,0.0,-0.004494188,-0.004494187887758017,1.4114685493686554,1.4114689121653567,1.6180793,-0.004494188,33
2026-02-17,0.00074223283,0.0055329776,1.0,1.0,0.0,0.0,0.00074223283,0.0007422328344546258,1.412516137143453,1.4125165507367778,1.6192802,0.00074223283,33
2026-02-18,-0.016557386,0.003096152,1.0,1.0,0.0,0.0,-0.016557386,-0.01655738614499569,1.3891285488696494,1.3891289687700317,1.5924692,-0.016557386,33
2026-02-19,-0.0056480197,0.0007555579,1.0,1.0,0.0,0.0,-0.0056480197,-0.005648019723594189,1.3812827273082062,1.3812831409558024,1.5834749,-0.0056480197,33
2026-02-20,0.01001344,-0.008155589,-1.0,-1.0,-2.0,0.0024262640687119285,0.01001344,0.0075871756238449295,1.3917627619464772,1.3917631787324904,1.5993309,0.01001344,34
2026-02-23,-0.028593007,-0.01149235,-1.0,-1.0,0.0,0.0,0.028593007,0.02859300747513771,1.4315575227732358,1.43155787370561,1.5536013,-0.028593007,34
2026-02-24,-0.0143214725,-0.0057031913,-1.0,-1.0,0.0,0.0,0.0143214725,0.014321472495794296,1.4520594971310086,1.4520598904200228,1.5313514,-0.0143214725,34
2026-02-25,0.008430901,-0.0020067962,-1.0,-1.0,0.0,0.0,-0.008430901,-0.008430900983512402,1.4398173313455356,1.4398177172617617,1.5442622,0.008430901,34
2026-02-26,-0.02641328,0.0023489785,1.0,1.0,2.0,0.0019262640687119283,0.02641328,0.02448701644815094,1.4750741620205265,1.4750745573866897,1.5034732,-0.02641328,35
2026-02-27,-0.0032512269,0.0031861295,1.0,1.0,0.0,0.0,-0.0032512269,-0.0032512268517166376,1.4702783204270384,1.4702787553774301,1.498585,-0.0032512269,35
2026-03-02,0.01730614,0.004213785,1.0,1.0,0.0,0.0,0.01730614,0.017306139692664146,1.4957230884850612,1.4957236049051483,1.5245197,0.01730614,35
2026-03-04,0.0005769756,0.004814018,1.0,1.0,0.0,0.0,0.0005769756,0.0005769755807705224,1.4965860802648974,1.4965866009007607,1.5253993,0.0005769756,35
2026-03-05,-0.019165138,0.004524735,1.0,1.0,0.0,0.0,-0.019165138,-0.01916513778269291,1.4679037711692635,1.4679043124907656,1.4961648,-0.019165138,35
2026-03-06,-0.0021940635,0.0041438644,1.0,1.0,0.0,0.0,-0.0021940635,-0.0021940635051578283,1.464683121341739,1.4646836372096659,1.4928821,-0.0021940635,35
2026-03-09,-0.008770268,0.0046544205,1.0,1.0,0.0,0.0,-0.008770268,-0.00877026841044426,1.4518374299494756,1.4518379685749514,1.4797891,-0.008770268,35
2026-03-10,-0.023733824,0.0047165435,1.0,1.0,0.0,0.0,-0.023733824,-0.023733824491500854,1.417379731928736,1.4173803010386963,1.444668,-0.023733824,35
2026-03-11,-0.0031593821,0.0046179453,1.0,1.0,0.0,0.0,-0.0031593821,-0.0031593821477144957,1.4129016570162705,1.4129022550190724,1.4401038,-0.0031593821,35
2026-03-12,0.0011651192,0.0050818366,1.0,1.0,0.0,0.0,0.0011651192,0.001165119232609868,1.414547901637032,1.414548454610193,1.4417818,0.0011651192,35
2026-03-13,-0.008128721,0.0053625805,1.0,1.0,0.0,0.0,-0.008128721,-0.00812872126698494,1.4030494623738339,1.4030499845040223,1.4300619,-0.008128721,35
2026-03-16,0.021130273,0.005230505,1.0,1.0,0.0,0.0,0.021130273,0.02113027311861515,1.4326963512740676,1.432696813875661,1.4602796,0.021130273,35
2026-03-17,0.015425015,0.0063530533,1.0,1.0,0.0,0.0,0.015425015,0.015425015240907669,1.4547956449443353,1.454796184065293,1.4828043,0.015425015,35
2026-03-18,-0.015425015,0.006286971,1.0,1.0,0.0,0.0,-0.015425015,-0.015425015240907669,1.4323553836900544,1.4323559307536715,1.459932,-0.015425015,35
2026-03-19,0.010399994,0.0041798367,1.0,1.0,0.0,0.0,0.010399994,0.010399994440376759,1.4472517903439956,1.4472524244701503,1.4751152,0.010399994,35
2026-03-20,-0.027569003,0.004552897,1.0,1.0,0.0,0.0,-0.027569003,-0.027569003403186798,1.4073525115935999,1.4073531174546625,1.4344478,-0.027569003,35
2026-03-23,0.0034463531,0.0041151983,1.0,1.0,0.0,0.0,0.0034463531,0.0034463531337678432,1.4122027276378077,1.4122033532813203,1.4393914,0.0034463531,35
2026-03-24,0.018037332,0.004574908,1.0,1.0,0.0,0.0,0.018037332,0.018037332221865654,1.4376750789878079,1.437675734329288,1.4653541,0.018037332,35
2026-03-25,0.004892933,0.004251578,1.0,1.0,0.0,0.0,0.004892933,0.004892933182418346,1.4447095444935336,1.4447101856353455,1.4725239,0.004892933,35
2026-03-27,-0.033922102,0.0035656597,1.0,1.0,0.0,0.0,-0.033922102,-0.03392210230231285,1.3957019972018334,1.39570257892103,1.4225729,-0.033922102,35
2026-03-30,-0.000280623,0.0029496453,1.0,1.0,0.0,0.0,-0.000280623,-0.0002806230040732771,1.3953103371670084,1.3953109126705403,1.4221736,-0.000280623,35
2026-04-01,0.004367768,0.0037067286,1.0,1.0,0.0,0.0,0.004367768,0.004367767833173275,1.4014046469074877,1.4014053067921783,1.4283853,0.004367768,35
2026-04-02,0.0017307342,0.00310562,1.0,1.0,0.0,0.0,0.0017307342,0.0017307342495769262,1.4038300305544291,1.4038307669541825,1.4308573,0.0017307342,35
2026-04-06,0.020701252,0.002686036,1.0,1.0,0.0,0.0,0.020701252,0.020701251924037933,1.4328911219722102,1.4328918213196165,1.460478,0.020701252,35
2026-04-07,0.016956396,0.0025631934,1.0,1.0,0.0,0.0,0.016956396,0.016956396400928497,1.4571878665668379,1.4571885030415603,1.4852425,0.016956396,35
2026-04-08,-0.0011824511,0.0025708433,1.0,1.0,0.0,0.0,-0.0011824511,-0.001182451145723462,1.4554648338004388,1.455465448826604,1.4834863,-0.0011824511,35
2026-04-09,0.0056845136,0.014163301,1.0,1.0,0.0,0.0,0.0056845136,0.005684513598680496,1.4637384163304334,1.4637390619628683,1.4919192,0.0056845136,35
2026-04-10,0.00048122284,0.017926868,1.0,1.0,0.0,0.0,0.00048122284,0.00048122284351848066,1.4644428373722471,1.464443446636435,1.4926372,0.00048122284,35
2026-04-13,-0.008157696,0.009835641,1.0,1.0,0.0,0.0,-0.008157696,-0.008157695643603802,1.452496395241963,1.452496962711505,1.4804608,-0.008157696,35
2026-04-15,-0.008170327,0.010669273,1.0,1.0,0.0,0.0,-0.008170327,-0.008170327171683311,1.4406290542374844,1.4406295873102757,1.468365,-0.008170327,35
2026-04-16,0.0034169422,0.0044818493,1.0,1.0,0.0,0.0,0.0034169422,0.00341694219969213,1.4455515336979157,1.4455521353412812,1.4733822,0.0034169422,35
2026-04-17,-0.0004332423,0.0038289223,1.0,1.0,0.0,0.0,-0.0004332423,-0.00043324229773133993,1.4449252251316762,1.4449258610126756,1.4727439,-0.0004332423,35
2026-04-20,0.004809415,0.00019469357,1.0,1.0,0.0,0.0,0.004809415,0.004809414967894554,1.4518744190006365,1.451875109076128,1.4798268,0.004809415,35
2026-04-21,-0.014115343,0.0009362756,1.0,1.0,0.0,0.0,-0.014115343,-0.014115342870354652,1.4313807272933798,1.431381394106585,1.4589386,-0.014115343,35
2026-04-22,0.006648148,-0.0010052271,-1.0,-1.0,-2.0,0.0024262640687119285,0.006648148,0.004221883875649043,1.4374238505058547,1.4374245201342677,1.468638,0.006648148,36
2026-04-23,-0.014607593,0.0011634931,1.0,1.0,2.0,0.0019262640687119283,0.014607593,0.012681329348455735,1.455652295767445,1.4556529738876363,1.4471847,-0.014607593,37
2026-04-24,0.0030814952,0.0011730001,1.0,1.0,0.0,0.0,0.0030814952,0.003081495175138116,1.4601378023250635,1.4601385615033464,1.4516441,0.0030814952,37
2026-04-27,0.012937259,0.0012156982,1.0,1.0,0.0,0.0,0.012937259,0.012937258929014206,1.4790280538584681,1.4790287521457535,1.4704244,0.012937259,37
2026-04-28,0.023742365,0.0012389324,1.0,1.0,0.0,0.0,0.023742365,0.02374236471951008,1.5141436084709523,1.5141443922098399,1.5053357,0.023742365,37
2026-04-29,-0.00068874436,0.0031896601,1.0,1.0,0.0,0.0,-0.00068874436,-0.0006887443596497178,1.5131007698142955,1.51310153380001,1.5042989,-0.00068874436,37
2026-04-30,0.0,-0.0008684349,-1.0,-1.0,-2.0,0.0024262640687119285,0.0,-0.0024262640687119285,1.5094295877841548,1.509430349916238,1.5042989,0.0,38
2026-05-04,-0.011560129,0.0011435152,1.0,1.0,2.0,0.0019262640687119283,0.011560129,0.009633864933024712,1.5239712285587785,1.5239719980331394,1.486909,-0.011560129,39
2026-05-05,0.015165888,0.0011626709,1.0,1.0,0.0,0.0,0.015165888,0.015165887773036957,1.5470836619527906,1.547084386324561,1.5094594,0.015165888,39
2026-05-06,-0.0038794482,0.0012873523,1.0,1.0,0.0,0.0,-0.0038794482,-0.003879448166117072,1.5410818624157363,1.5410825526392058,1.5036036,-0.0038794482,39
2026-05-07,0.004315687,0.001090704,1.0,1.0,0.0,0.0,0.004315687,0.0043156868778169155,1.5477327616668441,1.5477333823892634,1.5100927,0.004315687,39
2026-05-08,-0.04157175,0.0005854366,1.0,1.0,0.0,0.0,-0.04157175,-0.04157175123691559,1.483390823380621,1.483391395235507,1.4473156,-0.04157175,39
2026-05-11,-0.0017062256,0.0016601488,1.0,1.0,0.0,0.0,-0.0017062256,-0.0017062255647033453,1.4808597988226673,1.4808603949144952,1.4448462,-0.0017062256,39
2026-05-12,0.018274555,0.0042421105,1.0,1.0,0.0,0.0,0.018274555,0.01827455498278141,1.507921838846461,1.5079224596231835,1.47125,0.018274555,39
2026-05-13,0.051363207,0.0048653064,1.0,1.0,0.0,0.0,0.051363207,0.05136320739984512,1.5853735747025672,1.5853741936596937,1.5468183,0.051363207,39
2026-05-14,0.011560211,0.004625985,1.0,1.0,0.0,0.0,0.011560211,0.011560210958123207,1.6037008129086208,1.6037014537859642,1.5646998,0.011560211,39
2026-05-15,0.017016152,0.003428083,1.0,1.0,0.0,0.0,0.017016152,0.017016151919960976,1.6309896624336198,1.6309902813578485,1.5913249,0.017016152,39
2026-05-18,-0.012774117,0.0015550954,1.0,1.0,0.0,0.0,-0.012774117,-0.012774117290973663,1.610155221337147,1.6101558202033452,1.5709971,-0.012774117,39
2026-05-19,-0.004504475,-0.002752354,-1.0,-1.0,-2.0,0.0024262640687119285,-0.004504475,-0.00693073887996786,1.5989956559418423,1.5989962506574553,1.5639206,-0.004504475,40
2026-05-20,-0.010342516,0.0059061777,1.0,1.0,2.0,0.0019262640687119283,0.010342516,0.008416251936327286,1.6124532062273418,1.6124538059482312,1.5477457,-0.010342516,41
2026-05-21,-0.007400175,0.0077697323,1.0,1.0,0.0,0.0,-0.007400175,-0.007400175090879202,1.6005208024622624,1.6005213654582597,1.5362922,-0.007400175,41
2026-05-22,0.0018151981,0.0025413628,1.0,1.0,0.0,0.0,0.0018151981,0.0018151981057599187,1.6034260675859984,1.603426628809068,1.5390809,0.0018151981,41
2026-05-25,-0.014993488,0.0011219666,1.0,1.0,0.0,0.0,-0.014993488,-0.014993487857282162,1.579385116818291,1.5793856711199763,1.5160047,-0.014993488,41
2026-05-26,0.002865566,0.0011477023,1.0,1.0,0.0,0.0,0.002865566,0.0028655659407377243,1.5839109284235156,1.583911504906427,1.5203489,0.002865566,41
2026-05-27,0.0,0.0012123858,1.0,1.0,0.0,0.0,0.0,0.0,1.5839109284235156,1.583911504906427,1.5203489,0.0,41
2026-05-29,-0.010111131,0.0012507446,1.0,1.0,0.0,0.0,-0.010111131,-0.010111130774021149,1.567895762488656,1.5678963685458414,1.5049764,-0.010111131,41
2026-06-01,0.0019863404,0.0013015205,1.0,1.0,0.0,0.0,0.0019863404,0.0019863403867930174,1.5710102061592088,1.5710107444249901,1.5079658,0.0019863404,41
2026-06-02,0.005442128,0.0018102665,1.0,1.0,0.0,0.0,0.005442128,0.005442128051072359,1.5795598675489866,1.5795603860657614,1.5161724,0.005442128,41
2026-06-03,-0.0028547952,0.002695877,1.0,1.0,0.0,0.0,-0.0028547952,-0.0028547951951622963,1.575050502025164,1.575051064665152,1.511844,-0.0028547952,41
2026-06-04,-0.011445773,0.0032003806,1.0,1.0,0.0,0.0,-0.011445773,-0.011445772834122181,1.557022850846155,1.5570233879768525,1.4945399,-0.011445773,41
2026-06-05,0.008362241,0.0034544263,1.0,1.0,0.0,0.0,0.008362241,0.008362241089344025,1.570043132511618,1.570043592928862,1.5070376,0.008362241,41
2026-06-08,-0.007917461,0.0035529602,1.0,1.0,0.0,0.0,-0.007917461,-0.007917460985481739,1.557612372877784,1.5576128340363422,1.4951057,-0.007917461,41
2026-06-09,-0.013317837,0.014474811,1.0,1.0,0.0,0.0,-0.013317837,-0.013317837379872799,1.5368683663545133,1.5368687996118433,1.4751942,-0.013317837,41
2026-06-10,0.0041598557,0.019002661,1.0,1.0,0.0,0.0,0.0041598557,0.004159855656325817,1.543261443923991,1.5432619519809394,1.4813308,0.0041598557,41
2026-06-11,0.02213626,0.0139281545,1.0,1.0,0.0,0.0,0.02213626,0.022136259824037552,1.5774234054848522,1.5774239995265409,1.5141218,0.02213626,41
2026-06-12,0.010208319,0.0054306933,1.0,1.0,0.0,0.0,0.010208319,0.010208318941295147,1.5935263245752769,1.5935268468193613,1.5295784,0.010208319,41
2026-06-15,0.0063884035,0.0039333687,1.0,1.0,0.0,0.0,0.0063884035,0.006388403475284576,1.60370644930324,1.6037069392655414,1.53935,0.0063884035,41
2026-06-16,0.012175966,0.0038085198,1.0,1.0,0.0,0.0,0.012175966,0.012175966054201126,1.6232330469253227,1.6232336205189255,1.5580931,0.012175966,41
2026-06-17,-0.00047985924,0.0034915716,1.0,1.0,0.0,0.0,-0.00047985924,-0.0004798592417500913,1.6224540947284387,1.6224546968646,1.5573454,-0.00047985924,41
2026-06-18,0.019019976,0.0024099587,1.0,1.0,0.0,0.0,0.019019976,0.019019976258277893,1.6533131089138693,1.6533137466790961,1.586966,0.019019976,41
2026-06-19,0.0030307763,0.0029755295,1.0,1.0,0.0,0.0,0.0030307763,0.0030307762790471315,1.658323932221029,1.6583245707643537,1.5917758,0.0030307763,41
2026-06-22,-0.0078571625,0.003339896,1.0,1.0,0.0,0.0,-0.0078571625,-0.00785716250538826,1.6452942424876842,1.6452948451251799,1.5792689,-0.0078571625,41
2026-06-23,-0.012861033,0.0031078933,1.0,1.0,0.0,0.0,-0.012861033,-0.012861032970249653,1.6241340911675812,1.6241346538762431,1.5589579,-0.012861033,41
2026-06-24,-0.014270703,0.002229344,1.0,1.0,0.0,0.0,-0.014270703,-0.014270703308284283,1.6009565236552112,1.6009571100980722,1.5367105,-0.014270703,41
2026-06-25,0.0,0.0012728008,1.0,1.0,0.0,0.0,0.0,0.0,1.6009565236552112,1.6009571100980722,1.5367105,0.0,41
2026-06-29,0.0059029176,0.0009367538,1.0,1.0,0.0,0.0,0.0059029176,0.005902917589992285,1.6104067881307755,1.6104074279840932,1.5457815,0.0059029176,41
2026-06-30,0.010206945,0.0009960929,1.0,1.0,0.0,0.0,0.010206945,0.010206945240497589,1.6268441100336863,1.6268447684164173,1.5615592,0.010206945,41
2026-07-01,0.0021355639,0.0010192774,1.0,1.0,0.0,0.0,0.0021355639,0.002135563874617219,1.6303182603798634,1.6303189993334575,1.564894,0.0021355639,41
2026-07-02,0.01870402,0.0009929662,1.0,1.0,0.0,0.0,0.01870402,0.018704019486904144,1.660811825625952,1.6608125176668604,1.5941638,0.01870402,41
2026-07-03,0.007976842,0.0009971597,1.0,1.0,0.0,0.0,0.007976842,0.007976842112839222,1.6740599382224355,1.674060556899316,1.6068802,0.007976842,41
2026-07-06,5.199083e-05,0.0009845254,1.0,1.0,0.0,0.0,5.199083e-05,5.19908317073714e-05,1.6741469479066482,1.6741475926999978,1.6069638,5.199083e-05,41
2026-07-07,-0.01977044,0.0009832067,1.0,1.0,0.0,0.0,-0.01977044,-0.019770439714193344,1.6410483203636756,1.6410489586458605,1.5751934,-0.01977044,41
2026-07-08,0.0225187,0.0010140857,1.0,1.0,0.0,0.0,0.0225187,0.0225186999887228,1.6780026838009727,1.6780032478124127,1.6106648,0.0225187,41
2026-07-09,-0.0055562295,0.0010670912,1.0,1.0,0.0,0.0,-0.0055562295,-0.005556229501962662,1.6686793220359124,1.6686798766625281,1.6017157,-0.0055562295,41
2026-07-10,-0.009732665,0.00106423,1.0,1.0,0.0,0.0,-0.009732665,-0.009732664562761784,1.652438627485799,1.6524391751603411,1.5861267,-0.009732665,41
2026-07-13,0.018081391,0.001059392,1.0,1.0,0.0,0.0,0.018081391,0.018081391230225563,1.6823170752735357,1.6823175743705665,1.6148062,0.018081391,41
2026-07-14,-0.009442821,0.00108658,1.0,1.0,0.0,0.0,-0.009442821,-0.009442821145057678,1.666431281090929,1.666431750406598,1.5995579,-0.009442821,41
2026-07-15,0.0018228284,0.0010779896,1.0,1.0,0.0,0.0,0.0018228284,0.0018228284316137433,1.669468900767419,1.669469369580583,1.6024736,0.0018228284,41
2026-07-16,-0.00678745,0.0010805135,1.0,1.0,0.0,0.0,-0.00678745,-0.006787450052797794,1.6581374157895246,1.6581379296198788,1.5915968,-0.00678745,41
2026-07-17,0.0162647,0.0010733738,1.0,1.0,0.0,0.0,0.0162647,0.016264699399471283,1.685106485358098,1.6851070446080079,1.6174836,0.0162647,41
2026-07-20,0.0042690355,0.00106388,1.0,1.0,0.0,0.0,0.0042690355,0.004269035533070564,1.6923002114622572,1.692300826458467,1.6243887,0.0042690355,41
2026-07-21,0.00030789062,0.0010611798,1.0,1.0,0.0,0.0,0.00030789062,0.0003078906156588346,1.6928213004732358,1.6928218700018052,1.6248889,0.00030789062,41
2026-07-22,-0.009278398,0.0010525588,1.0,1.0,0.0,0.0,-0.009278398,-0.009278398007154465,1.6771145991612024,1.677115194936713,1.6098125,-0.009278398,41
2026-07-23,-0.0046252836,0.0010685199,1.0,1.0,0.0,0.0,-0.0046252836,-0.004625283647328615,1.6693575066984059,1.6693580614508858,1.6023667,-0.0046252836,41
2026-07-24,0.0037334592,0.0010708533,1.0,1.0,0.0,0.0,0.0037334592,0.00373345916159451,1.6755900792244183,1.6755905415993912,1.6083492,0.0037334592,41
2026-07-27,-0.0018386703,0.0010639417,1.0,1.0,0.0,0.0,-0.0018386703,-0.0018386703450232744,1.672509198417739,1.672509682960151,1.605392,-0.0018386703,41
2026-07-28,0.025131075,0.001052136,1.0,1.0,0.0,0.0,0.025131075,0.025131074711680412,1.7145412049990973,1.7145416487586314,1.6457373,0.025131075,41
2026-07-29,0.0033786045,0.0010638518,1.0,1.0,0.0,0.0,0.0033786045,0.0033786045387387276,1.720334004809517,1.7203344069549837,1.6512976,0.0033786045,41
2026-07-30,0.007737745,0.0010092014,1.0,1.0,0.0,0.0,0.007737745,0.007737745065242052,1.7336455291909378,1.7336459160229658,1.6640749,0.007737745,41
2026-07-31,-0.0007609385,0.0010016563,1.0,1.0,0.0,0.0,-0.0007609385,-0.0007609385065734386,1.732326375952066,1.7323267180887,1.6628087,-0.0007609385,41
