date,actual,predicted,rolling_vol,desired_pos,position,delta,cost,gross_ret,net_ret,capital,strategy_equity,buyhold_equity,buyhold_ret,n_trades
2024-05-03,0.006755253,0.0019975076,0.1730925608772471,0.0,0.0,0.0,0.0,0.0,0.0,1.0,1.0,1.0067552,0.006755253,0
2024-05-06,0.01049927,0.0021445518,0.1745362022023606,0.0,0.0,0.0,0.0,0.0,0.0,1.0,1.0,1.0173254,0.01049927,0
2024-05-07,-0.009517915,0.0015022196,0.17948133940342068,0.0,0.0,0.0,0.0,-0.0,-0.0,1.0,1.0,1.0076426,-0.009517915,0
2024-05-08,0.008545953,0.00055189524,0.1804804319865878,0.0,0.0,0.0,0.0,0.0,0.0,1.0,1.0,1.016254,0.008545953,0
2024-05-09,-0.010228932,0.00035687303,0.18347927687056806,0.0,0.0,0.0,0.0,-0.0,-0.0,1.0,1.0,1.0058588,-0.010228932,0
2024-05-10,-0.0010180908,-1.0001124e-05,0.1859562511887841,0.0,0.0,0.0,0.0,-0.0,-0.0,1.0,1.0,1.0048347,-0.0010180908,0
2024-05-13,0.0008777998,0.00016875996,0.17933568460260735,0.0,0.0,0.0,0.0,0.0,0.0,1.0,1.0,1.0057168,0.0008777998,0
2024-05-14,-0.0033396904,0.00024977152,0.1760248616830239,0.0,0.0,0.0,0.0,-0.0,-0.0,1.0,1.0,1.002358,-0.0033396904,0
2024-05-15,0.023249669,0.00031196408,0.17078214634242153,0.0,0.0,0.0,0.0,0.0,0.0,1.0,1.0,1.0256624,0.023249669,0
2024-05-16,-0.006246553,0.00036979327,0.18765774527282827,0.0,0.0,0.0,0.0,-0.0,-0.0,1.0,1.0,1.0192555,-0.006246553,0
2024-05-17,-0.0070523247,2.5488785e-05,0.13722709162435978,0.0,0.0,0.0,0.0,-0.0,-0.0,1.0,1.0,1.0120674,-0.0070523247,0
2024-05-21,0.014296215,0.00016707391,0.1395609836077939,0.0,0.0,0.0,0.0,0.0,0.0,1.0,1.0,1.0265361,0.014296215,0
2024-05-22,0.012025254,-0.00017202972,0.1451925848477663,0.0,0.0,0.0,0.0,0.0,0.0,1.0,1.0,1.0388805,0.012025254,0
2024-05-23,-0.004970335,-0.0005975524,0.14203820925889807,0.0,0.0,0.0,0.0,-0.0,-0.0,1.0,1.0,1.0337169,-0.004970335,0
2024-05-24,0.0042569363,-0.0007573669,0.142186717427206,0.0,0.0,0.0,0.0,0.0,0.0,1.0,1.0,1.0381174,0.0042569363,0
2024-05-27,-0.0029268628,-0.00045496516,0.13905837696869022,0.0,0.0,0.0,0.0,-0.0,-0.0,1.0,1.0,1.035079,-0.0029268628,0
2024-05-28,-0.011035027,-0.0003755344,0.138997347429738,0.0,0.0,0.0,0.0,-0.0,-0.0,1.0,1.0,1.0236568,-0.011035027,0
2024-05-29,-0.016328959,-0.00037573185,0.1431531663034917,0.0,0.0,0.0,0.0,-0.0,-0.0,1.0,1.0,1.0069417,-0.016328959,0
2024-05-30,0.005309545,-7.794704e-05,0.15387377064654553,0.0,0.0,0.0,0.0,0.0,0.0,1.0,1.0,1.0122881,0.005309545,0
2024-05-31,-0.0007110974,0.00077709183,0.15094429363968828,0.0,0.0,0.0,0.0,-0.0,-0.0,1.0,1.0,1.0115683,-0.0007110974,0
2024-06-03,-0.008751554,0.0007328609,0.15006315010249036,0.0,0.0,0.0,0.0,-0.0,-0.0,1.0,1.0,1.0027155,-0.008751554,0
2024-06-04,0.025818268,0.0007683344,0.1533549604283014,0.0,0.0,0.0,0.0,0.0,0.0,1.0,1.0,1.0286038,0.025818268,0
2024-06-05,0.02904749,0.000976542,0.17516026176357974,0.0,0.0,0.0,0.0,0.0,0.0,1.0,1.0,1.0584822,0.02904749,0
2024-06-06,0.040826064,0.0007524374,0.19698858223455298,0.0,0.0,0.0,0.0,0.0,0.0,1.0,1.0,1.1016959,0.040826064,0
2024-06-07,-0.022319565,-1.3335142e-05,0.23215104383077423,0.0,0.0,0.0,0.0,-0.0,-0.0,1.0,1.0,1.0771065,-0.022319565,0
2024-06-10,-0.0026706476,-0.00040036358,0.2483626064864621,0.0,0.0,0.0,0.0,-0.0,-0.0,1.0,1.0,1.07423,-0.0026706476,0
2024-06-11,-0.007078358,1.3098121e-05,0.2448598982989375,0.0,0.0,0.0,0.0,-0.0,-0.0,1.0,1.0,1.0666262,-0.007078358,0
2024-06-12,0.005874188,-0.0012734893,0.2469766830198926,0.0,0.0,0.0,0.0,0.0,0.0,1.0,1.0,1.0728917,0.005874188,0
2024-06-13,-0.00338597,-0.002826983,0.24704742583575656,0.0,0.0,0.0,0.0,-0.0,-0.0,1.0,1.0,1.0692589,-0.00338597,0
2024-06-14,0.006226705,-0.003917932,0.24706218055471835,0.0,0.0,0.0,0.0,0.0,0.0,1.0,1.0,1.0759169,0.006226705,0
2024-06-18,0.008738965,-0.002892916,0.23698248986067572,0.0,0.0,0.0,0.0,0.0,0.0,1.0,1.0,1.0853193,0.008738965,0
2024-06-19,0.0026761116,-0.0030035041,0.23584061062847744,0.0,0.0,0.0,0.0,0.0,0.0,1.0,1.0,1.0882237,0.0026761116,0
2024-06-20,0.011351485,-0.0036990508,0.2330901861279793,0.0,0.0,0.0,0.0,0.0,0.0,1.0,1.0,1.1005766,0.011351485,0
2024-06-21,-0.0036275636,-0.0030030212,0.23167197377742924,0.0,0.0,0.0,0.0,-0.0,-0.0,1.0,1.0,1.0965842,-0.0036275636,0
2024-06-24,0.009644525,-0.0018313536,0.23074236734568546,0.0,0.0,0.0,0.0,0.0,0.0,1.0,1.0,1.1071602,0.009644525,0
2024-06-25,-0.0008109562,-0.0021733292,0.230215204004983,0.0,0.0,0.0,0.0,-0.0,-0.0,1.0,1.0,1.1062623,-0.0008109562,0
2024-06-26,0.020970272,-0.0031735594,0.23062013085633054,0.0,0.0,0.0,0.0,0.0,0.0,1.0,1.0,1.1294609,0.020970272,0
2024-06-27,-0.004203681,-0.0032215412,0.2371384788784773,0.0,0.0,0.0,0.0,-0.0,-0.0,1.0,1.0,1.1247131,-0.004203681,0
2024-06-28,0.015233634,-0.003023922,0.2329333987586507,0.0,0.0,0.0,0.0,0.0,0.0,1.0,1.0,1.1418465,0.015233634,0
2024-07-01,0.01883714,-0.0031086383,0.22313564442793635,0.0,0.0,0.0,0.0,0.0,0.0,1.0,1.0,1.1633556,0.01883714,0
2024-07-02,0.0039093955,-0.0034919851,0.22720779901851887,0.0,0.0,0.0,0.0,0.0,0.0,1.0,1.0,1.1679035,0.0039093955,0
2024-07-03,0.014185532,-0.0041389647,0.22592109290560933,0.0,0.0,0.0,0.0,0.0,0.0,1.0,1.0,1.1844709,0.014185532,0
2024-07-04,-0.0019405081,-0.004838484,0.22000029621712808,0.0,0.0,0.0,0.0,-0.0,-0.0,1.0,1.0,1.1821724,-0.0019405081,0
2024-07-05,0.008582396,-0.0050038216,0.21301438031734002,-0.055138376320397996,-0.055138376320397996,-0.055138376320397996,0.00012563820128723294,0.0,-0.00012563820128723294,0.9998743617987128,0.9998743617987128,1.1923182,0.008582396,1
2024-07-08,-0.0027117883,-0.004682277,0.19799935440487423,-0.059717215050048844,-0.059717215050048844,-0.004578838729650848,2.488355268292041e-05,0.0001495236,0.000124640053840951,0.9999989861930016,0.9999989861930016,1.1890849,-0.0027117883,1
2024-07-09,-0.005385226,-0.005012833,0.15565742101643212,-0.10344597177524995,-0.10344597177524995,-0.0437287567252011,0.00010650675128035658,0.00032159072,0.00021508396869703716,1.000214069943645,1.000214069943645,1.1826814,-0.005385226,2
2024-07-10,0.0026963167,-0.0038597775,0.13013790747612664,-0.11395270329368896,-0.11395270329368896,-0.01050673151843902,4.126794290301397e-05,-0.0002789231,-0.0003201910504469742,0.9998938103499179,0.9998938103499179,1.1858703,0.0026963167,3
2024-07-11,0.0351059,-0.0031114412,0.12783565386802143,-0.09519795117219054,-0.09519795117219054,0.018754752121498422,5.5169216014615104e-05,-0.0040004123,-0.0040555815162436875,0.9958386594944563,0.9958386594944563,1.2275014,0.0351059,4
2024-07-12,-0.0027494635,-0.0034830924,0.15716986841574226,-0.0705011859089945,-0.0705011859089945,0.024696765263196044,6.569288422746819e-05,0.0002617433,0.00019605040682086486,0.9960338940687781,0.9960338940687781,1.2241265,-0.0027494635,5
2024-07-15,0.01106881,-0.0027655284,0.1604234317896954,-0.05372946555561174,-0.05372946555561174,0.016771720353382757,5.144726506008781e-05,-0.0007803642,-0.0008318114725178389,0.995205381648675,0.995205381648675,1.2376761,0.01106881,6
2024-07-16,0.018369718,-0.0033105798,0.15730903291432688,-0.06689085446661867,-0.06689085446661867,-0.013161388911006933,4.7591479302817425e-05,-0.0009869952,-0.0010345866547836601,0.9941757554420524,0.9941757554420524,1.2604119,0.018369718,7
2024-07-18,0.019656964,-0.0035992456,0.16184829706963708,-0.068701341009725,-0.068701341009725,-0.0018104865431063238,1.4577240777256354e-05,-0.0013148711,-0.0013294483703570985,0.9928540501041314,0.9928540501041314,1.2851878,0.019656964,7
2024-07-19,0.009934051,-0.003294475,0.16688732928084385,-0.059143834724895476,-0.059143834724895476,0.009557506284829521,3.650643703360781e-05,-0.0006824826,-0.0007189890493528985,0.9921401989145009,0.9921401989145009,1.297955,0.009934051,7
2024-07-22,0.0142830545,-0.0033616698,0.16583825102151456,-0.061116101517925035,-0.061116101517925035,-0.001972266793029559,1.5297302197579622e-05,-0.0008447546,-0.0008600519301033657,0.9912869068214913,0.9912869068214913,1.3164937,0.0142830545,7
2024-07-23,-0.0016073307,-0.0047109807,0.16674066914847802,-0.0847223997211951,-0.0847223997211951,-0.02360629820327006,6.972292825013083e-05,9.8233795e-05,2.8510866892601726e-05,0.9913151692705442,0.9913151692705442,1.3143777,-0.0016073307,8
2024-07-24,-0.0049742498,-0.005999141,0.16509146708945177,-0.11005500889076257,-0.11005500889076257,-0.025332609169567477,7.310660485176007e-05,0.00042143036,0.0003483237577695622,0.9916604678954384,0.9916604678954384,1.3078396,-0.0049742498,9
2024-07-25,0.02918873,-0.005453718,0.1713836450808594,-0.09283760388704332,-0.09283760388704332,0.017217405003719252,5.229480405651727e-05,-0.0032123658,-0.0032646605915328183,0.9884230330457191,0.9884230330457191,1.3460138,0.02918873,10
2024-07-26,-0.004160037,-0.0041401605,0.18247903111297306,-0.06216719187226011,-0.06216719187226011,0.03067041201478321,7.557238958814548e-05,0.00038620783,0.00031063544057271077,0.9887300722700614,0.9887300722700614,1.3404143,-0.004160037,11
2024-07-29,0.0032282467,-0.0039100293,0.1832154956123351,-0.05824056955992113,-0.05824056955992113,0.003926622312338979,2.1747723323096616e-05,-0.00020069102,-0.0002224387450691211,0.9885101403935735,0.9885101403935735,1.3447413,0.0032282467,11
2024-07-30,-0.0047525805,-0.0039371974,0.1788218271206881,-0.061562484170357236,-0.061562484170357236,-0.0033219146104361066,2.0616052438104247e-05,0.000276793,0.0002561769457547276,0.9887633739021872,0.9887633739021872,1.3383504,-0.0047525805,11
2024-07-31,-0.008412098,-0.0046960195,0.18265783228644408,-0.07037579171482286,-0.07037579171482286,-0.008813307544465625,3.698588620754993e-05,0.00051786966,0.00048088377302628836,0.9892388541640595,0.9892388541640595,1.327092,-0.008412098,11
2024-08-01,-0.017094485,-0.004945778,0.18584196864612404,-0.0716006578328089,-0.0716006578328089,-0.0012248661179860426,1.1725517188366041e-05,0.0012030379,0.0011913123976316493,0.9904173466752442,0.9904173466752442,1.304406,-0.017094485,11
2024-08-02,-0.03879459,-0.005483867,0.20202319394378626,-0.06718223728090501,-0.06718223728090501,0.00441842055190389,2.325959411083384e-05,0.0027777182,0.0027544586462843546,0.9931454102992239,0.9931454102992239,1.2538022,-0.03879459,11
2024-08-05,-0.0004568061,-0.0059604403,0.2483291644280537,0.0,0.0,0.06718223728090501,0.00012821246972308847,3.0689254e-05,-9.752321537818181e-05,0.9930485555654734,0.9930485555654734,1.2532294,-0.0004568061,12
2024-08-06,0.022892801,-0.0043167784,0.24803727823921312,0.0,0.0,0.0,0.0,0.0,0.0,0.9930485555654734,0.9930485555654734,1.2819194,0.022892801,12
2024-08-07,-0.027443172,-0.0016131939,0.2565397663545341,0.0,0.0,0.0,0.0,-0.0,-0.0,0.9930485555654734,0.9930485555654734,1.2467394,-0.027443172,12
2024-08-08,0.015709363,-0.0030507077,0.276661299966525,0.0,0.0,0.0,0.0,0.0,0.0,0.9930485555654734,0.9930485555654734,1.2663249,0.015709363,12
2024-08-09,0.014938011,-0.0025055124,0.27871285641086735,0.0,0.0,0.0,0.0,0.0,0.0,0.9930485555654734,0.9930485555654734,1.2852412,0.014938011,12
2024-08-12,2.7744141e-05,-0.0011676257,0.28139431221000594,0.0,0.0,0.0,0.0,0.0,0.0,0.9930485555654734,0.9930485555654734,1.2852769,2.7744141e-05,12
2024-08-13,0.014251742,0.00375792,0.25895031486884695,0.0,0.0,0.0,0.0,0.0,0.0,0.9930485555654734,0.9930485555654734,1.3035942,0.014251742,12
2024-08-14,0.019391071,0.005997431,0.2613188168694049,0.0,0.0,0.0,0.0,0.0,0.0,0.9930485555654734,0.9930485555654734,1.3288723,0.019391071,12
2024-08-16,0.003142142,0.00521324,0.26582616174792295,0.0,0.0,0.0,0.0,0.0,0.0,0.9930485555654734,0.9930485555654734,1.3330477,0.003142142,12
2024-08-19,0.003960233,0.00228363,0.2605590819014598,0.0,0.0,0.0,0.0,0.0,0.0,0.9930485555654734,0.9930485555654734,1.3383269,0.003960233,12
2024-08-20,0.0002670185,0.00050869555,0.25369110026335345,0.0,0.0,0.0,0.0,0.0,0.0,0.9930485555654734,0.9930485555654734,1.3386843,0.0002670185,12
2024-08-21,0.004023613,-0.002053171,0.25219093860698644,0.0,0.0,0.0,0.0,0.0,0.0,0.9930485555654734,0.9930485555654734,1.3440708,0.004023613,12
2024-08-22,-0.009699868,-0.0039513744,0.24835480038264265,0.0,0.0,0.0,0.0,-0.0,-0.0,0.9930485555654734,0.9930485555654734,1.3310335,-0.009699868,12
2024-08-23,0.0075169494,-0.008293949,0.2509112698149445,-0.06587051087935142,-0.06587051087935142,-0.06587051087935142,0.00014293213438441627,0.0,-0.00014293213438441627,0.9929066170158791,0.9929066170158791,1.3410388,0.0075169494,13
2024-08-26,0.012684654,-0.009983739,0.2510597040618147,-0.07919708432051567,-0.07919708432051567,-0.013326573441164252,4.797213369516351e-05,-0.00083554466,-0.0008835167962452553,0.9920293673426426,0.9920293673426426,1.3580495,0.012684654,14
2024-08-27,0.020317448,-0.0095524825,0.23474512449056986,-0.08667484900888067,-0.08667484900888067,-0.007477764688365002,3.3427463289998884e-05,-0.0016090827,-0.0016425101462795367,0.990399949041375,0.990399949041375,1.3856416,0.020317448,14
2024-08-28,-0.0029696394,-0.009219615,0.24330012639522183,-0.07787500922504889,-0.07787500922504889,0.008799839783831781,3.47509180489184e-05,0.00025739303,0.00022264210704572482,0.9906204537728475,0.9906204537728475,1.3815267,-0.0029696394,14
2024-08-29,0.0053390977,-0.009134311,0.2437347253116559,-0.07687957835676955,-0.07687957835676955,0.0009954308682793428,1.0212703454077276e-05,-0.0004157823,-0.00042599500211398306,0.9901984544105484,0.9901984544105484,1.3889029,0.0053390977,14
2024-08-30,0.0106444,-0.008922856,0.24306218807160332,-0.07551602071796851,-0.07551602071796851,0.0013635576388010412,1.210194618847124e-05,-0.0008183369,-0.0008304388525656974,0.9893761551422554,0.9893761551422554,1.403687,0.0106444,14
2024-09-02,-0.011905624,-0.007831734,0.2419089397222892,-0.06691509190908701,-0.06691509190908701,0.008600928808881497,3.428165532195774e-05,0.00089906534,0.0008647836888067999,0.9902317515033168,0.9902317515033168,1.3869753,-0.011905624,14
2024-09-03,-0.009731738,-0.006975466,0.23738372064013905,-0.061892975316551836,-0.061892975316551836,0.005022116592535174,2.5031677607173017e-05,0.0006512002,0.0006261685079227147,0.9908518034416534,0.9908518034416534,1.3734777,-0.009731738,14
2024-09-04,0.0055503487,-0.0065452657,0.19189657792110157,-0.08887156404905668,-0.08887156404905668,-0.02697858873250484,7.628104789652382e-05,-0.0003435276,-0.0004198086345615283,0.9904358352989977,0.9904358352989977,1.381101,0.0055503487,15
2024-09-05,-0.016323684,-0.0044932566,0.191136251581655,-0.06149574857665579,-0.06149574857665579,0.027375815472400887,7.019615304228207e-05,0.0014507113,0.0013805151261338936,0.9918031469510931,0.9918031469510931,1.3585564,-0.016323684,16
2024-09-06,-0.003792879,-0.0026783869,0.19234270858181438,0.0,0.0,0.06149574857665579,0.00012057831623341703,0.00023324593,0.00011266760997723974,0.9919148910412279,0.9919148910412279,1.3534036,-0.003792879,17
2024-09-09,0.009272528,-0.0023775236,0.16185744854362238,0.0,0.0,0.0,0.0,0.0,0.0,0.9919148910412279,0.9919148910412279,1.3659531,0.009272528,17
2024-09-10,-0.0011249533,-0.0019895383,0.15766289483652207,0.0,0.0,0.0,0.0,-0.0,-0.0,0.9919148910412279,0.9919148910412279,1.3644165,-0.0011249533,17
2024-09-11,0.02087833,-0.002540498,0.15316453880482642,-0.05414675237576869,-0.05414675237576869,-0.05414675237576869,0.00012400926333916993,0.0,-0.00012400926333916993,0.9917918844062946,0.9917918844062946,1.3929032,0.02087833,18
2024-09-12,-0.003260965,-0.0031774007,0.16429245026952122,-0.05885817267289968,-0.05885817267289968,-0.004711420297130987,2.5308067681338577e-05,0.00017657065,0.00015126258704897396,0.9919419054125441,0.9919419054125441,1.388361,-0.003260965,18
2024-09-13,0.0031584902,-0.00400483,0.16168496026092963,-0.0765975439600242,-0.0765975439600242,-0.017739371287124522,5.771387999529882e-05,-0.00018590296,-0.00024361683803263053,0.9917002516620355,0.9917002516620355,1.3927461,0.0031584902,19
2024-09-16,0.0011785245,-0.0047715222,0.15096231568619572,-0.10468630209137353,-0.10468630209137353,-0.028088758131349326,7.839595022099841e-05,-9.027208e-05,-0.00016866802874441076,0.9915329835354824,0.9915329835354824,1.3943875,0.0011785245,20
2024-09-17,-0.031422343,-0.005470943,0.15097417268480032,-0.12001261286752087,-0.12001261286752087,-0.015326310776147337,5.248148051488182e-05,0.003289489,0.0032370075950266144,0.9947425833339061,0.9947425833339061,1.3505726,-0.031422343,21
2024-09-18,0.0010827226,-0.0056373803,0.18867265704365987,-0.07918253587882859,-0.07918253587882859,0.040830076988692274,9.128274882621155e-05,-0.00012994037,-0.00022122311543150828,0.9945225232805686,0.9945225232805686,1.3520349,0.0010827226,22
2024-09-19,0.0060790614,-0.005479437,0.18868047793176687,-0.07695768478696499,-0.07695768478696499,0.0022248510918636,1.5821361333224805e-05,-0.0004813555,-0.0004971768601109272,0.9940280696951342,0.9940280696951342,1.360254,0.0060790614,22
2024-09-20,-0.004891843,0.00022028177,0.18926246141065606,0.0,0.0,0.07695768478696499,0.00014101896566822369,0.00037646494,0.00023544597889744502,0.9942621096070551,0.9942621096070551,1.3535999,-0.004891843,23
2024-09-23,0.0011329384,0.003870635,0.18679175563035566,0.05546727399946566,0.05546727399946566,0.05546727399946566,0.00011231039651696409,0.0,-0.00011231039651696409,0.9941504436352834,0.9941504436352834,1.3551335,0.0011329384,24
2024-09-24,-0.0017395613,0.0042162407,0.18530673308442644,0.06139217266642094,0.06139217266642094,0.0059248986669552806,2.7541607906892552e-05,-9.648872e-05,-0.00012403033009948176,0.9940271388275908,0.9940271388275908,1.3527762,-0.0017395613,24
2024-09-25,0.0026083451,0.0025367602,0.18033658086885399,0.0,0.0,-0.06139217266642094,0.00013578589656612175,0.00016013198,2.4346085263059566e-05,0.9940513394970665,0.9940513394970665,1.3563046,0.0026083451,25
2024-09-26,0.003414825,0.000706617,0.1655866668004995,0.0,0.0,0.0,0.0,0.0,0.0,0.9940513394970665,0.9940513394970665,1.3609363,0.003414825,25
2024-09-27,-0.01647167,-0.00083690137,0.16606452454226647,0.0,0.0,0.0,0.0,-0.0,-0.0,0.9940513394970665,0.9940513394970665,1.3385193,-0.01647167,25
2024-09-30,0.0152120385,-0.0026588854,0.1728409175190819,0.0,0.0,0.0,0.0,0.0,0.0,0.9940513394970665,0.9940513394970665,1.358881,0.0152120385,25
2024-10-01,-0.0057665487,-0.0010840152,0.17738510484214184,0.0,0.0,0.0,0.0,-0.0,-0.0,0.9940513394970665,0.9940513394970665,1.3510449,-0.0057665487,25
2024-10-03,0.012987087,-0.0008503888,0.17424186182178888,0.0,0.0,0.0,0.0,0.0,0.0,0.9940513394970665,0.9940513394970665,1.3685911,0.012987087,25
2024-10-04,0.008384305,0.0016806737,0.17776612550054227,0.0,0.0,0.0,0.0,0.0,0.0,0.9940513394970665,0.9940513394970665,1.3800658,0.008384305,25
2024-10-07,0.0073400247,0.00039641233,0.17910148670373569,0.0,0.0,0.0,0.0,0.0,0.0,0.9940513394970665,0.9940513394970665,1.3901956,0.0073400247,25
2024-10-08,0.0021531044,0.0018861413,0.1708514846509695,0.0,0.0,0.0,0.0,0.0,0.0,0.9940513394970665,0.9940513394970665,1.393189,0.0021531044,25
2024-10-09,-0.017434483,0.00893268,0.16996524053457135,0.15460785288376022,0.15460785288376022,0.15460785288376022,0.00023407111280546246,-0.0,-0.00023407111280546246,0.9938186607938446,0.9938186607938446,1.3688995,-0.017434483,26
2024-10-10,0.008354837,0.010947943,0.17893655319197427,0.17096388830316808,0.17096388830316808,0.01635603541940786,5.0650597611580025e-05,0.0012917233,0.001241072742206838,0.9950520620444523,0.9950520620444523,1.3803363,0.008354837,27
2024-10-11,0.0122241005,0.009216058,0.18097375409311833,0.14069673390044252,0.14069673390044252,-0.030267154402725566,8.248979548517739e-05,0.0020898797,0.0020073899128794283,0.9970495195165902,0.9970495195165902,1.3972096,0.0122241005,28
2024-10-14,0.00020416672,0.0051146853,0.17146235662770573,0.086986397034117,0.086986397034117,-0.05371033686632552,0.00012329051926937177,2.872559e-05,-9.456492946921139e-05,0.9969552335990998,0.9969552335990998,1.3974949,0.00020416672,29
2024-10-15,-0.02021001,0.0016431906,0.17102120827189285,0.0,0.0,-0.086986397034117,0.00017555375262720798,-0.0017579962,-0.001933549909438922,0.9950275708974595,0.9950275708974595,1.3692515,-0.02021001,30
2024-10-16,0.024691297,0.001864989,0.18418963231813998,0.0,0.0,0.0,0.0,0.0,0.0,0.9950275708974595,0.9950275708974595,1.4030602,0.024691297,30
2024-10-17,-0.04600956,0.0008480073,0.20329246938168982,0.0,0.0,0.0,0.0,-0.0,-0.0,0.9950275708974595,0.9950275708974595,1.338506,-0.04600956,30
2024-10-18,-0.014387981,0.0015703298,0.23429186780326428,0.0,0.0,0.0,0.0,-0.0,-0.0,0.9950275708974595,0.9950275708974595,1.3192476,-0.014387981,30
2024-10-21,-0.0006209354,-0.00048217375,0.2389735194318421,0.0,0.0,0.0,0.0,-0.0,-0.0,0.9950275708974595,0.9950275708974595,1.3184284,-0.0006209354,30
2024-10-22,0.011704823,1.0540243e-06,0.23764351014073706,0.0,0.0,0.0,0.0,0.0,0.0,0.9950275708974595,0.9950275708974595,1.3338604,0.011704823,30
2024-10-23,-0.0053789993,0.010600947,0.24128958156450678,0.09104110506664628,0.09104110506664628,0.09104110506664628,0.00015889092566679782,-0.0,-0.00015889092566679782,0.9948694700456556,0.9948694700456556,1.3266855,-0.0053789993,31
2024-10-24,-0.0006978123,0.013845712,0.24173792986835013,0.11846653853709081,0.11846653853709081,0.02742543347044453,7.027837864432232e-05,-6.35296e-05,-0.0001338079805470233,0.9947363485709608,0.9947363485709608,1.3257598,-0.0006978123,32
2024-10-25,0.0017705965,0.0104825385,0.24171977476325482,0.08970406179789704,0.08970406179789704,-0.02876247673919377,7.966975046112801e-05,0.00020975644,0.0001300866924666274,0.9948657505324229,0.9948657505324229,1.3281072,0.0017705965,33
2024-10-28,-0.0027417482,0.0042417548,0.2415927925176006,0.0,0.0,-0.08970406179789704,0.00017964567492016363,-0.00024594594,-0.0004255916105233948,0.9944423440153992,0.9944423440153992,1.3244659,-0.0027417482,34
2024-10-29,-0.020432571,0.0028968188,0.2411747815717829,0.0,0.0,0.0,0.0,-0.0,-0.0,0.9944423440153992,0.9944423440153992,1.2974036,-0.020432571,34
2024-10-30,-0.025202494,0.0031083436,0.2445375269091959,0.0,0.0,0.0,0.0,-0.0,-0.0,0.9944423440153992,0.9944423440153992,1.2647058,-0.025202494,34
2024-10-31,0.0020465734,0.0033249017,0.24977370759470693,0.0,0.0,0.0,0.0,0.0,0.0,0.9944423440153992,0.9944423440153992,1.267294,0.0020465734,34
2024-11-01,0.0015888482,0.0039836685,0.2502398561807447,0.0,0.0,0.0,0.0,0.0,0.0,0.9944423440153992,0.9944423440153992,1.2693075,0.0015888482,34
2024-11-04,-0.0053726393,0.0030486097,0.24444655918798147,0.0,0.0,0.0,0.0,-0.0,-0.0,0.9944423440153992,0.9944423440153992,1.262488,-0.0053726393,34
2024-11-05,0.038854472,0.0032235603,0.24084541721403635,0.0,0.0,0.0,0.0,0.0,0.0,0.9944423440153992,0.9944423440153992,1.3115413,0.038854472,34
2024-11-06,-0.011387567,0.0025907937,0.2793219394888116,0.0,0.0,0.0,0.0,-0.0,-0.0,0.9944423440153992,0.9944423440153992,1.2966061,-0.011387567,34
2024-11-07,0.0148088755,0.002421109,0.2802979390148462,0.0,0.0,0.0,0.0,0.0,0.0,0.9944423440153992,0.9944423440153992,1.3158073,0.0148088755,34
2024-11-08,0.016341584,0.0027412493,0.281919923200517,0.0,0.0,0.0,0.0,0.0,0.0,0.9944423440153992,0.9944423440153992,1.3373097,0.016341584,34
2024-11-11,0.0046663578,0.0024494193,0.2866002146746415,0.0,0.0,0.0,0.0,0.0,0.0,0.9944423440153992,0.9944423440153992,1.3435501,0.0046663578,34
2024-11-12,-0.00021411886,0.0020556925,0.2834282162150293,0.0,0.0,0.0,0.0,-0.0,-0.0,0.9944423440153992,0.9944423440153992,1.3432624,-0.00021411886,34
2024-11-13,-0.0020627251,0.00138437,0.28339799713130387,0.0,0.0,0.0,0.0,-0.0,-0.0,0.9944423440153992,0.9944423440153992,1.3404917,-0.0020627251,34
2024-11-14,-0.028892178,0.0007694841,0.27572879581442394,0.0,0.0,0.0,0.0,-0.0,-0.0,0.9944423440153992,0.9944423440153992,1.301762,-0.028892178,34
2024-11-18,0.0073154005,-0.00060031586,0.27564904936745005,0.0,0.0,0.0,0.0,0.0,0.0,0.9944423440153992,0.9944423440153992,1.3112849,0.0073154005,34
2024-11-19,0.0050837547,8.463382e-05,0.23229681690588785,0.0,0.0,0.0,0.0,0.0,0.0,0.9944423440153992,0.9944423440153992,1.3179512,0.0050837547,34
2024-11-21,0.0365107,-0.000121813966,0.22798734493176337,0.0,0.0,0.0,0.0,0.0,0.0,0.9944423440153992,0.9944423440153992,1.3660705,0.0365107,34
2024-11-22,-0.006619415,-0.00088699046,0.25909871954714214,0.0,0.0,0.0,0.0,-0.0,-0.0,0.9944423440153992,0.9944423440153992,1.357028,-0.006619415,34
2024-11-25,0.018066378,-0.0023522389,0.25811683587466794,0.0,0.0,0.0,0.0,0.0,0.0,0.9944423440153992,0.9944423440153992,1.3815446,0.018066378,34
2024-11-26,0.00018182848,-0.0012901325,0.2633329394977039,0.0,0.0,0.0,0.0,0.0,0.0,0.9944423440153992,0.9944423440153992,1.3817958,0.00018182848,34
2024-11-27,-0.035892468,-0.0019404362,0.2632388227232441,0.0,0.0,0.0,0.0,-0.0,-0.0,0.9944423440153992,0.9944423440153992,1.3321997,-0.035892468,34
2024-11-28,0.0006461439,-0.0031860499,0.29293850485887657,0.0,0.0,0.0,0.0,0.0,0.0,0.9944423440153992,0.9944423440153992,1.3330605,0.0006461439,34
2024-11-29,0.011745504,-0.00021812832,0.2927379116455762,0.0,0.0,0.0,0.0,0.0,0.0,0.9944423440153992,0.9944423440153992,1.3487179,0.011745504,34
2024-12-02,0.006521905,0.00019921246,0.28527249694810464,0.0,0.0,0.0,0.0,0.0,0.0,0.9944423440153992,0.9944423440153992,1.3575141,0.006521905,34
2024-12-03,-0.0015073434,0.00037499692,0.2686321308166971,0.0,0.0,0.0,0.0,-0.0,-0.0,0.9944423440153992,0.9944423440153992,1.3554679,-0.0015073434,34
2024-12-04,0.023849813,-0.0010957834,0.26913438263289996,0.0,0.0,0.0,0.0,0.0,0.0,0.9944423440153992,0.9944423440153992,1.3877956,0.023849813,34
2024-12-05,-0.0064554224,-0.0013849889,0.2777678743200852,0.0,0.0,0.0,0.0,-0.0,-0.0,0.9944423440153992,0.9944423440153992,1.3788368,-0.0064554224,34
2024-12-06,0.00065008405,-0.0025427877,0.27824925072228596,0.0,0.0,0.0,0.0,0.0,0.0,0.9944423440153992,0.9944423440153992,1.3797331,0.00065008405,34
2024-12-09,0.012861129,-0.0033014216,0.24995082335939875,0.0,0.0,0.0,0.0,0.0,0.0,0.9944423440153992,0.9944423440153992,1.397478,0.012861129,34
2024-12-10,0.01305236,-0.00357814,0.2471629502585697,0.0,0.0,0.0,0.0,0.0,0.0,0.9944423440153992,0.9944423440153992,1.4157183,0.01305236,34
2024-12-11,0.006487983,-0.003197004,0.24628495577461715,0.0,0.0,0.0,0.0,0.0,0.0,0.9944423440153992,0.9944423440153992,1.4249034,0.006487983,34
2024-12-12,0.0063712285,-0.0036423532,0.24239537235082753,0.0,0.0,0.0,0.0,0.0,0.0,0.9944423440153992,0.9944423440153992,1.4339818,0.0063712285,34
2024-12-13,-0.0098750545,-0.004116181,0.24259241733511905,0.0,0.0,0.0,0.0,-0.0,-0.0,0.9944423440153992,0.9944423440153992,1.4198211,-0.0098750545,34
2024-12-16,-0.001743925,-0.0051385025,0.24640391015213886,0.0,0.0,0.0,0.0,-0.0,-0.0,0.9944423440153992,0.9944423440153992,1.417345,-0.001743925,34
2024-12-17,0.0012893658,-0.0052245823,0.24633130451604526,0.0,0.0,0.0,0.0,0.0,0.0,0.9944423440153992,0.9944423440153992,1.4191725,0.0012893658,34
2024-12-18,-0.016788788,-0.0045074387,0.21942759727081204,0.0,0.0,0.0,0.0,-0.0,-0.0,0.9944423440153992,0.9944423440153992,1.3953464,-0.016788788,34
2024-12-19,-0.012434369,-0.0036274004,0.23020797448837746,0.0,0.0,0.0,0.0,-0.0,-0.0,0.9944423440153992,0.9944423440153992,1.3779962,-0.012434369,34
2024-12-20,0.0011179668,-0.0024407082,0.23591447292901166,0.0,0.0,0.0,0.0,0.0,0.0,0.9944423440153992,0.9944423440153992,1.3795367,0.0011179668,34
2024-12-23,-0.007956524,-0.0015078457,0.20212922685400073,0.0,0.0,0.0,0.0,-0.0,-0.0,0.9944423440153992,0.9944423440153992,1.3685604,-0.007956524,34
2024-12-24,-0.0008647313,-0.0011516851,0.20274784579740632,0.0,0.0,0.0,0.0,-0.0,-0.0,0.9944423440153992,0.9944423440153992,1.3673769,-0.0008647313,34
2024-12-26,0.0048899963,0.0003691751,0.19291073569326878,0.0,0.0,0.0,0.0,0.0,0.0,0.9944423440153992,0.9944423440153992,1.3740634,0.0048899963,34
2024-12-27,-0.005624235,-0.0014640787,0.19374074037987662,0.0,0.0,0.0,0.0,-0.0,-0.0,0.9944423440153992,0.9944423440153992,1.3663353,-0.005624235,34
2024-12-30,-0.013735089,-0.002239716,0.14856613749936873,-0.05073682576950955,-0.05073682576950955,-0.05073682576950955,0.00011836207198495839,-0.0,-0.00011836207198495839,0.9943246397590919,0.9943246397590919,1.3475685,-0.013735089,35
2024-12-31,0.0013289033,0.0015739523,0.15698311329557643,0.0,0.0,0.05073682576950955,0.00010567786554258099,-6.7424335e-05,-0.00017310220024466298,0.9941525199761921,0.9941525199761921,1.3493594,0.0013289033,36
2025-01-01,0.039246246,0.0024034807,0.15194898946783186,0.05204931411977427,0.05204931411977427,0.05204931411977427,0.00010753199123095087,0.0,-0.00010753199123095087,0.9940456167761319,0.9940456167761319,1.4023166,0.039246246,37
2025-01-02,-0.0098034395,0.0017357061,0.20098674146601345,0.0,0.0,-0.05204931411977427,0.00012054431976089444,-0.00051026227,-0.000630806586959308,0.9934185662533315,0.9934185662533315,1.3885691,-0.0098034395,38
2025-01-03,-0.00046437717,0.0008370267,0.20446576522490398,0.0,0.0,0.0,0.0,-0.0,-0.0,0.9934185662533315,0.9934185662533315,1.3879243,-0.00046437717,38
2025-01-06,-0.003618789,0.0013398075,0.18805301798441423,0.0,0.0,0.0,0.0,-0.0,-0.0,0.9934185662533315,0.9934185662533315,1.3829017,-0.003618789,38
2025-01-07,0.0011905156,0.0016510487,0.1871133286685703,0.0,0.0,0.0,0.0,0.0,0.0,0.9934185662533315,0.9934185662533315,1.3845481,0.0011905156,38
2025-01-08,-0.00823286,0.0012430317,0.18713753054726817,0.0,0.0,0.0,0.0,-0.0,-0.0,0.9934185662533315,0.9934185662533315,1.3731493,-0.00823286,38
2025-01-09,0.025566148,0.0009796674,0.18361212847837446,0.0,0.0,0.0,0.0,0.0,0.0,0.9934185662533315,0.9934185662533315,1.4082553,0.025566148,38
2025-01-10,-0.0024178259,0.0015838628,0.19913391541474176,0.0,0.0,0.0,0.0,-0.0,-0.0,0.9934185662533315,0.9934185662533315,1.4048505,-0.0024178259,38
2025-01-13,-0.011352462,0.00091428065,0.19783031086117758,0.0,0.0,0.0,0.0,-0.0,-0.0,0.9934185662533315,0.9934185662533315,1.388902,-0.011352462,38
2025-01-14,0.004936068,0.0005192427,0.19940500011101797,0.0,0.0,0.0,0.0,0.0,0.0,0.9934185662533315,0.9934185662533315,1.3957577,0.004936068,38
2025-01-15,-0.010933319,0.0010746832,0.19817108868890262,0.0,0.0,0.0,0.0,-0.0,-0.0,0.9934185662533315,0.9934185662533315,1.3804973,-0.010933319,38
2025-01-16,-0.06038324,0.00039946183,0.20114420891256873,0.0,0.0,0.0,0.0,-0.0,-0.0,0.9934185662533315,0.9934185662533315,1.2971385,-0.06038324,38
2025-01-17,-0.0011848956,0.0007126662,0.2833390373926068,0.0,0.0,0.0,0.0,-0.0,-0.0,0.9934185662533315,0.9934185662533315,1.2956015,-0.0011848956,38
2025-01-20,-0.0069729933,0.0026749317,0.2798499159653286,0.0,0.0,0.0,0.0,-0.0,-0.0,0.9934185662533315,0.9934185662533315,1.2865673,-0.0069729933,38
2025-01-21,0.030490639,0.002467964,0.2783316583410165,0.0,0.0,0.0,0.0,0.0,0.0,0.9934185662533315,0.9934185662533315,1.3257955,0.030490639,38
2025-01-22,0.0048361775,0.002944911,0.3005123179525686,0.0,0.0,0.0,0.0,0.0,0.0,0.9934185662533315,0.9934185662533315,1.3322073,0.0048361775,38
2025-01-23,0.0053463858,0.0032902868,0.3004328967599205,0.0,0.0,0.0,0.0,0.0,0.0,0.9934185662533315,0.9934185662533315,1.3393298,0.0053463858,38
2025-01-24,-0.028913844,0.0027761473,0.3012240335545939,0.0,0.0,0.0,0.0,-0.0,-0.0,0.9934185662533315,0.9934185662533315,1.3006047,-0.028913844,38
2025-01-27,0.004244615,0.005206614,0.3149214394089105,0.0,0.0,0.0,0.0,0.0,0.0,0.9934185662533315,0.9934185662533315,1.3061252,0.004244615,38
2025-01-28,0.02775702,0.006062158,0.3154809951236063,0.0,0.0,0.0,0.0,0.0,0.0,0.9934185662533315,0.9934185662533315,1.3423793,0.02775702,38
2025-01-29,-0.011386811,0.00516642,0.3278141364925949,0.0,0.0,0.0,0.0,-0.0,-0.0,0.9934185662533315,0.9934185662533315,1.327094,-0.011386811,38
2025-01-30,0.010615791,0.004497297,0.33002137148470057,0.0,0.0,0.0,0.0,0.0,0.0,0.9934185662533315,0.9934185662533315,1.3411821,0.010615791,38
2025-01-31,-0.015250306,0.0046663457,0.3015302752866328,0.0,0.0,0.0,0.0,-0.0,-0.0,0.9934185662533315,0.9934185662533315,1.3207287,-0.015250306,38
2025-02-01,0.006434031,0.0029168963,0.3037892257165425,0.0,0.0,0.0,0.0,0.0,0.0,0.9934185662533315,0.9934185662533315,1.3292264,0.006434031,38
2025-02-03,0.01887299,0.0035667792,0.30515331279042,0.0,0.0,0.0,0.0,0.0,0.0,0.9934185662533315,0.9934185662533315,1.3543128,0.01887299,38
2025-02-04,-0.00092199154,0.003930431,0.3129776308521369,0.0,0.0,0.0,0.0,-0.0,-0.0,0.9934185662533315,0.9934185662533315,1.3530642,-0.00092199154,38
2025-02-05,0.009756884,0.0017317603,0.31289815052233866,0.0,0.0,0.0,0.0,0.0,0.0,0.9934185662533315,0.9934185662533315,1.3662659,0.009756884,38
2025-02-06,-0.0062838914,0.0011313187,0.31374650250977976,0.0,0.0,0.0,0.0,-0.0,-0.0,0.9934185662533315,0.9934185662533315,1.3576804,-0.0062838914,38
2025-02-07,-0.012341765,-0.0004197401,0.30075933382873477,0.0,0.0,0.0,0.0,-0.0,-0.0,0.9934185662533315,0.9934185662533315,1.3409243,-0.012341765,38
2025-02-10,-0.002476126,0.0024469662,0.3029629910232565,0.0,0.0,0.0,0.0,-0.0,-0.0,0.9934185662533315,0.9934185662533315,1.337604,-0.002476126,38
2025-02-11,-0.006686659,0.0011021579,0.30116619742174966,0.0,0.0,0.0,0.0,-0.0,-0.0,0.9934185662533315,0.9934185662533315,1.3286599,-0.006686659,38
2025-02-12,-0.010738267,0.001204008,0.3006985704069582,0.0,0.0,0.0,0.0,-0.0,-0.0,0.9934185662533315,0.9934185662533315,1.3143924,-0.010738267,38
2025-02-13,0.007108793,0.0008881618,0.30063100621291466,0.0,0.0,0.0,0.0,0.0,0.0,0.9934185662533315,0.9934185662533315,1.3237362,0.007108793,38
2025-02-14,-0.007624278,-0.00050311093,0.21934953623261733,0.0,0.0,0.0,0.0,-0.0,-0.0,0.9934185662533315,0.9934185662533315,1.3136437,-0.007624278,38
2025-02-17,0.0052243304,-0.00036755088,0.22121346528382918,0.0,0.0,0.0,0.0,0.0,0.0,0.9934185662533315,0.9934185662533315,1.3205066,0.0052243304,38
2025-02-18,-0.022470376,0.00058762927,0.21993922232531324,0.0,0.0,0.0,0.0,-0.0,-0.0,0.9934185662533315,0.9934185662533315,1.2908343,-0.022470376,38
2025-02-19,0.007893449,0.0009512531,0.20825932470114156,0.0,0.0,0.0,0.0,0.0,0.0,0.9934185662533315,0.9934185662533315,1.3010235,0.007893449,38
2025-02-20,-0.0055767614,0.0022254642,0.2095724503358795,0.0,0.0,0.0,0.0,-0.0,-0.0,0.9934185662533315,0.9934185662533315,1.2937679,-0.0055767614,38
2025-02-21,-0.028444793,0.0025207428,0.20883004255292767,0.0,0.0,0.0,0.0,-0.0,-0.0,0.9934185662533315,0.9934185662533315,1.256967,-0.028444793,38
2025-02-24,0.002038562,0.002935478,0.20809751067405044,0.0,0.0,0.0,0.0,0.0,0.0,0.9934185662533315,0.9934185662533315,1.2595294,0.002038562,38
2025-02-25,-0.0019251672,0.0044534127,0.20749468134973426,0.051718868129071595,0.051718868129071595,0.051718868129071595,0.00010706621812539613,-0.0,-0.00010706621812539613,0.9933122046844272,0.9933122046844272,1.2571045,-0.0019251672,39
2025-02-27,-0.044387344,0.0047427434,0.17938592161165767,0.0736924379920633,0.0736924379920633,0.02197356986299171,6.0972605064959804e-05,-0.002295663,-0.0023566357197020962,0.9909713296620518,0.9909713296620518,1.201305,-0.044387344,40
2025-02-28,0.012307645,0.005281492,0.22632563536548092,0.05155361754431928,0.05155361754431928,-0.022138820447744026,6.679831851240515e-05,0.00090698036,0.000840182045139705,0.9918039259804822,0.9918039259804822,1.2160903,0.012307645,41
2025-03-03,-0.011952255,0.008472713,0.22776076094097317,0.08166475714418618,0.08166475714418618,0.0301111395998669,7.467115080519959e-05,-0.000616182,-0.000690853141868258,0.9911187351221014,0.9911187351221014,1.2015553,-0.011952255,42
2025-03-04,0.0136480965,0.0063852994,0.2261682714089384,0.06241484710221733,0.06241484710221733,-0.019249910041968854,6.0892373472559626e-05,0.0011145684,0.0010536760667710422,0.9921630532126279,0.9921630532126279,1.2179543,0.0136480965,43
2025-03-05,0.0025383444,0.00672384,0.2315619491095798,0.06269789616402367,0.06269789616402367,0.00028304906180634526,5.259788442086525e-06,0.00015843038,0.00015317059428369617,0.9923150234171147,0.9923150234171147,1.2210459,0.0025383444,43
2025-03-06,-0.017549733,0.0057009524,0.2183692049103345,0.05977707102814482,0.05977707102814482,-0.0029208251358788517,1.9137143576230874e-05,-0.0011003313,-0.0011194684556216858,0.9912041580503598,0.9912041580503598,1.1996168,-0.017549733,43
2025-03-07,0.009121995,0.006261608,0.22200803203321115,0.06352117348631263,0.06352117348631263,0.0037441024581678084,2.1168542364548236e-05,0.00054528617,0.0005241176236514642,0.9917236656182306,0.9917236656182306,1.2105597,0.009121995,43
2025-03-10,-0.023699839,0.006238653,0.22149021236223201,0.06358457105387871,0.06358457105387871,6.339756756608417e-05,2.436289257850828e-06,-0.0015054416,-0.0015078779036845234,0.9902282674162838,0.9902282674162838,1.1818696,-0.023699839,43
2025-03-11,-0.04351259,0.005096309,0.22976249433631626,0.0,0.0,-0.06358457105387871,0.00013929609938316756,-0.0027667296,-0.002906025664720468,0.9873506386572404,0.9873506386572404,1.1304435,-0.04351259,44
2025-03-12,-0.0069384747,0.0057036374,0.26131083335413496,0.0,0.0,0.0,0.0,-0.0,-0.0,0.9873506386572404,0.9873506386572404,1.1226,-0.0069384747,44
2025-03-13,0.0064355857,0.006651119,0.2606215603005907,0.0,0.0,0.0,0.0,0.0,0.0,0.9873506386572404,0.9873506386572404,1.1298246,0.0064355857,44
2025-03-17,0.0,0.0046837023,0.2652536549973449,0.0,0.0,0.0,0.0,0.0,0.0,0.9873506386572404,0.9873506386572404,1.1298246,0.0,44
2025-03-18,-0.0022036138,0.0033915727,0.26618621828659605,0.0,0.0,0.0,0.0,-0.0,-0.0,0.9873506386572404,0.9873506386572404,1.127335,-0.0022036138,44
2025-03-19,0.018113678,0.0025985858,0.26207778305439805,0.0,0.0,0.0,0.0,0.0,0.0,0.9873506386572404,0.9873506386572404,1.1477551,0.018113678,44
2025-03-20,-0.014339022,0.0026390085,0.2759824646199817,0.0,0.0,0.0,0.0,-0.0,-0.0,0.9873506386572404,0.9873506386572404,1.1312975,-0.014339022,44
2025-03-21,0.00012560905,0.0028430077,0.2741366463210025,0.0,0.0,0.0,0.0,0.0,0.0,0.9873506386572404,0.9873506386572404,1.1314396,0.00012560905,44
2025-03-24,0.0221665,0.00337268,0.26962424521614686,0.0,0.0,0.0,0.0,0.0,0.0,0.9873506386572404,0.9873506386572404,1.1565197,0.0221665,44
2025-03-25,-0.017968893,0.003560293,0.28252847404410997,0.0,0.0,0.0,0.0,-0.0,-0.0,0.9873506386572404,0.9873506386572404,1.1357383,-0.017968893,44
2025-03-26,0.0025601962,0.003815925,0.2856937900057555,0.0,0.0,0.0,0.0,0.0,0.0,0.9873506386572404,0.9873506386572404,1.1386459,0.0025601962,44
2025-03-27,-0.02073043,0.0036914854,0.2755373097222463,0.0,0.0,0.0,0.0,-0.0,-0.0,0.9873506386572404,0.9873506386572404,1.1150413,-0.02073043,44
2025-03-28,-0.028511982,0.003421465,0.27972966057050364,0.0,0.0,0.0,0.0,-0.0,-0.0,0.9873506386572404,0.9873506386572404,1.0832492,-0.028511982,44
2025-04-01,0.015374226,0.0034899698,0.28976597416491306,0.0,0.0,0.0,0.0,0.0,0.0,0.9873506386572404,0.9873506386572404,1.0999032,0.015374226,44
2025-04-02,-0.0352227,0.004491516,0.26646788853274866,0.0,0.0,0.0,0.0,-0.0,-0.0,0.9873506386572404,0.9873506386572404,1.0611616,-0.0352227,44
2025-04-03,-0.03042812,0.0034794023,0.2795819951065853,0.0,0.0,0.0,0.0,-0.0,-0.0,0.9873506386572404,0.9873506386572404,1.0288725,-0.03042812,44
2025-04-04,-0.03855278,0.003999329,0.29080658102748375,0.0,0.0,0.0,0.0,-0.0,-0.0,0.9873506386572404,0.9873506386572404,0.9892066,-0.03855278,44
2025-04-07,0.022686863,0.004314848,0.2993363757218854,0.0,0.0,0.0,0.0,0.0,0.0,0.9873506386572404,0.9873506386572404,1.0116485,0.022686863,44
2025-04-08,-0.017723422,0.005231789,0.316463085776106,0.0,0.0,0.0,0.0,-0.0,-0.0,0.9873506386572404,0.9873506386572404,0.9937186,-0.017723422,44
2025-04-09,0.004087948,0.004237054,0.3165217498290523,0.0,0.0,0.0,0.0,0.0,0.0,0.9873506386572404,0.9873506386572404,0.99778086,0.004087948,44
2025-04-11,0.011673813,0.0040843356,0.31355906731238725,0.0,0.0,0.0,0.0,0.0,0.0,0.9873506386572404,0.9873506386572404,1.0094287,0.011673813,44
2025-04-15,-0.009087427,0.003794697,0.316403357254457,0.0,0.0,0.0,0.0,-0.0,-0.0,0.9873506386572404,0.9873506386572404,1.0002556,-0.009087427,44
2025-04-16,0.0045188037,0.0037460052,0.2893450654987382,0.0,0.0,0.0,0.0,0.0,0.0,0.9873506386572404,0.9873506386572404,1.0047755,0.0045188037,44
2025-04-17,0.021948265,0.0052196165,0.2913147761272764,0.0,0.0,0.0,0.0,0.0,0.0,0.9873506386572404,0.9873506386572404,1.0268285,0.021948265,44
2025-04-21,-0.019626148,0.004148284,0.30316319984508094,0.0,0.0,0.0,0.0,-0.0,-0.0,0.9873506386572404,0.9873506386572404,1.0066758,-0.019626148,44
2025-04-22,0.035963427,0.0028862273,0.30701373796548564,0.0,0.0,0.0,0.0,0.0,0.0,0.9873506386572404,0.9873506386572404,1.0428793,0.035963427,44
2025-04-23,-0.002375861,0.0030682455,0.337246157118222,0.0,0.0,0.0,0.0,-0.0,-0.0,0.9873506386572404,0.9873506386572404,1.0404016,-0.002375861,44
2025-04-24,0.00596276,0.0023201387,0.32850692820657296,0.0,0.0,0.0,0.0,0.0,0.0,0.9873506386572404,0.9873506386572404,1.0466052,0.00596276,44
2025-04-25,0.0012827693,0.0020743299,0.3283430000263641,0.0,0.0,0.0,0.0,0.0,0.0,0.9873506386572404,0.9873506386572404,1.0479479,0.0012827693,44
2025-04-28,0.010337114,0.00027294364,0.3285189034794778,0.0,0.0,0.0,0.0,0.0,0.0,0.9873506386572404,0.9873506386572404,1.0587807,0.010337114,44
2025-04-29,0.0017347378,-0.0013877363,0.3197769838274971,0.0,0.0,0.0,0.0,0.0,0.0,0.9873506386572404,0.9873506386572404,1.0606173,0.0017347378,44
2025-04-30,0.0045227516,-0.002527934,0.3163617542693282,0.0,0.0,0.0,0.0,0.0,0.0,0.9873506386572404,0.9873506386572404,1.0654143,0.0045227516,44
2025-05-02,0.0011275415,-0.0025677597,0.31684886697509324,0.0,0.0,0.0,0.0,0.0,0.0,0.9873506386572404,0.9873506386572404,1.0666157,0.0011275415,44
2025-05-05,0.0019204488,-0.0021970347,0.310694936856443,0.0,0.0,0.0,0.0,0.0,0.0,0.9873506386572404,0.9873506386572404,1.0686641,0.0019204488,44
2025-05-06,-0.0021192944,-0.004153603,0.29613022555806295,0.0,0.0,0.0,0.0,-0.0,-0.0,0.9873506386572404,0.9873506386572404,1.0663992,-0.0021192944,44
2025-05-07,0.0020531157,-0.004322979,0.2907546881782293,0.0,0.0,0.0,0.0,0.0,0.0,0.9873506386572404,0.9873506386572404,1.0685887,0.0020531157,44
2025-05-08,-0.0025173558,-0.006156457,0.2647133188564471,0.0,0.0,0.0,0.0,-0.0,-0.0,0.9873506386572404,0.9873506386572404,1.0658988,-0.0025173558,44
2025-05-09,0.07615731,-0.0054562143,0.24140748625761335,0.0,0.0,0.0,0.0,0.0,0.0,0.9873506386572404,0.9873506386572404,1.1470748,0.07615731,44
2025-05-12,-0.036492895,-0.005078084,0.3123524624693525,0.0,0.0,0.0,0.0,-0.0,-0.0,0.9873506386572404,0.9873506386572404,1.1052147,-0.036492895,44
2025-05-13,0.015058933,-0.004943919,0.3401224993956717,0.0,0.0,0.0,0.0,0.0,0.0,0.9873506386572404,0.9873506386572404,1.121858,0.015058933,44
2025-05-14,0.012853496,-0.0028128964,0.33245105086708615,0.0,0.0,0.0,0.0,0.0,0.0,0.9873506386572404,0.9873506386572404,1.1362778,0.012853496,44
2025-05-15,-0.014424686,-0.00430718,0.3331640083492645,0.0,0.0,0.0,0.0,-0.0,-0.0,0.9873506386572404,0.9873506386572404,1.1198874,-0.014424686,44
2025-05-16,-0.019113518,-0.004050747,0.3398441999670775,0.0,0.0,0.0,0.0,-0.0,-0.0,0.9873506386572404,0.9873506386572404,1.0984824,-0.019113518,44
2025-05-19,0.0005127216,-0.004571454,0.3465201632786549,0.0,0.0,0.0,0.0,0.0,0.0,0.9873506386572404,0.9873506386572404,1.0990456,0.0005127216,44
2025-05-20,0.005049449,-0.0028158515,0.3468103197058537,0.0,0.0,0.0,0.0,0.0,0.0,0.9873506386572404,0.9873506386572404,1.1045952,0.005049449,44
2025-05-21,-0.013479099,-0.0020429757,0.3412765017436502,0.0,0.0,0.0,0.0,-0.0,-0.0,0.9873506386572404,0.9873506386572404,1.0897062,-0.013479099,44
2025-05-22,0.011117338,-0.0028715073,0.33683683933347597,0.0,0.0,0.0,0.0,0.0,0.0,0.9873506386572404,0.9873506386572404,1.1018208,0.011117338,44
2025-05-23,0.009983178,-0.0028014719,0.31851946189818536,0.0,0.0,0.0,0.0,0.0,0.0,0.9873506386572404,0.9873506386572404,1.1128205,0.009983178,44
2025-05-26,-0.0066019213,-0.003154559,0.3188414341121635,0.0,0.0,0.0,0.0,-0.0,-0.0,0.9873506386572404,0.9873506386572404,1.1054738,-0.0066019213,44
2025-05-27,0.00108218,-0.003301783,0.32045768199427005,0.0,0.0,0.0,0.0,0.0,0.0,0.9873506386572404,0.9873506386572404,1.10667,0.00108218,44
2025-05-28,0.008741307,-0.0029014624,0.32046983467862533,0.0,0.0,0.0,0.0,0.0,0.0,0.9873506386572404,0.9873506386572404,1.1163437,0.008741307,44
2025-05-29,-0.0005756938,-0.00362464,0.3200644790829392,0.0,0.0,0.0,0.0,-0.0,-0.0,0.9873506386572404,0.9873506386572404,1.1157011,-0.0005756938,44
2025-05-30,-0.005711512,-0.002644349,0.32024529091951526,0.0,0.0,0.0,0.0,-0.0,-0.0,0.9873506386572404,0.9873506386572404,1.1093287,-0.005711512,44
2025-06-02,-0.0069749793,-0.0014927541,0.3213795118907694,0.0,0.0,0.0,0.0,-0.0,-0.0,0.9873506386572404,0.9873506386572404,1.1015912,-0.0069749793,44
2025-06-03,0.0053002373,-0.0015945581,0.32284516702002536,0.0,0.0,0.0,0.0,0.0,0.0,0.9873506386572404,0.9873506386572404,1.10743,0.0053002373,44
2025-06-04,0.001996499,0.0005065238,0.3230700951706114,0.0,0.0,0.0,0.0,0.0,0.0,0.9873506386572404,0.9873506386572404,1.109641,0.001996499,44
2025-06-05,0.006093471,-0.00067953276,0.32275513070892575,0.0,0.0,0.0,0.0,0.0,0.0,0.9873506386572404,0.9873506386572404,1.1164025,0.006093471,44
2025-06-06,0.005802293,0.0028833805,0.3230375697380303,0.0,0.0,0.0,0.0,0.0,0.0,0.9873506386572404,0.9873506386572404,1.1228802,0.005802293,44
2025-06-09,0.014579438,0.0050603193,0.32277665663157945,0.0,0.0,0.0,0.0,0.0,0.0,0.9873506386572404,0.9873506386572404,1.1392511,0.014579438,44
2025-06-10,0.021754047,0.005764674,0.19732412642448996,0.07402601549762872,0.07402601549762872,0.07402601549762872,0.00013721670466124153,0.0,-0.00013721670466124153,0.9872151576562587,0.9872151576562587,1.1640344,0.021754047,45
2025-06-11,-0.013890274,0.0023600473,0.1644463842713552,0.0,0.0,-0.07402601549762872,0.00015572320853564868,-0.0010282417,-0.0011839649146163835,0.9860463295464162,0.9860463295464162,1.1478657,-0.013890274,46
2025-06-12,-0.0041113836,0.000915485,0.1670708466420391,0.0,0.0,0.0,0.0,-0.0,-0.0,0.9860463295464162,0.9860463295464162,1.1431463,-0.0041113836,46
2025-06-13,0.01351621,0.00089326943,0.16259040916683817,0.0,0.0,0.0,0.0,0.0,0.0,0.9860463295464162,0.9860463295464162,1.1585972,0.01351621,46
2025-06-16,0.009866254,0.0009945084,0.15955337646815015,0.0,0.0,0.0,0.0,0.0,0.0,0.9860463295464162,0.9860463295464162,1.1700282,0.009866254,46
2025-06-17,-0.0042777606,0.0005388469,0.14352722356246225,0.0,0.0,0.0,0.0,-0.0,-0.0,0.9860463295464162,0.9860463295464162,1.1650231,-0.0042777606,46
2025-06-18,-0.008919572,-1.7721439e-05,0.1454443169116567,0.0,0.0,0.0,0.0,-0.0,-0.0,0.9860463295464162,0.9860463295464162,1.1546315,-0.008919572,46
2025-06-19,0.002776656,-0.0005708798,0.15045710701248555,0.0,0.0,0.0,0.0,0.0,0.0,0.9860463295464162,0.9860463295464162,1.1578375,0.002776656,46
2025-06-20,-0.024261383,-0.0010275133,0.13984713349307018,0.0,0.0,0.0,0.0,-0.0,-0.0,0.9860463295464162,0.9860463295464162,1.1297468,-0.024261383,46
2025-06-23,-0.0015163649,-0.0013652206,0.16404482823756605,0.0,0.0,0.0,0.0,-0.0,-0.0,0.9860463295464162,0.9860463295464162,1.1280338,-0.0015163649,46
2025-06-24,0.020836085,-0.0018021748,0.16127821494221506,0.0,0.0,0.0,0.0,0.0,0.0,0.9860463295464162,0.9860463295464162,1.1515377,0.020836085,46
2025-06-25,0.00068097655,-0.0016829739,0.17264762774382475,0.0,0.0,0.0,0.0,0.0,0.0,0.9860463295464162,0.9860463295464162,1.1523218,0.00068097655,46
2025-06-26,-0.0049628164,-0.0014283475,0.1726786747476522,0.0,0.0,0.0,0.0,-0.0,-0.0,0.9860463295464162,0.9860463295464162,1.1466031,-0.0049628164,46
2025-06-27,-0.003863173,-0.0011746602,0.17245988207639396,0.0,0.0,0.0,0.0,-0.0,-0.0,0.9860463295464162,0.9860463295464162,1.1421736,-0.003863173,46
2025-06-30,0.0031166337,-0.00011933339,0.17325285212272193,0.0,0.0,0.0,0.0,0.0,0.0,0.9860463295464162,0.9860463295464162,1.1457334,0.0031166337,46
2025-07-01,0.002300062,0.00073255826,0.17160356135797045,0.0,0.0,0.0,0.0,0.0,0.0,0.9860463295464162,0.9860463295464162,1.1483686,0.002300062,46
2025-07-02,0.0050786547,0.0009485098,0.16888684503305643,0.0,0.0,0.0,0.0,0.0,0.0,0.9860463295464162,0.9860463295464162,1.1542008,0.0050786547,46
2025-07-03,0.013499637,0.0016074869,0.16883715504264496,0.0,0.0,0.0,0.0,0.0,0.0,0.9860463295464162,0.9860463295464162,1.169782,0.013499637,46
2025-07-04,-0.008385162,0.0016008747,0.17323236110019583,0.0,0.0,0.0,0.0,-0.0,-0.0,0.9860463295464162,0.9860463295464162,1.1599733,-0.008385162,46
2025-07-07,0.007165439,0.0010622503,0.1765870490009012,0.0,0.0,0.0,0.0,0.0,0.0,0.9860463295464162,0.9860463295464162,1.168285,0.007165439,46
2025-07-08,-0.0030559478,0.0010279951,0.17700940652725472,0.0,0.0,0.0,0.0,-0.0,-0.0,0.9860463295464162,0.9860463295464162,1.1647148,-0.0030559478,46
2025-07-09,-0.011017135,0.0007801213,0.17187767683319172,0.0,0.0,0.0,0.0,-0.0,-0.0,0.9860463295464162,0.9860463295464162,1.151883,-0.011017135,46
2025-07-10,-0.013019115,0.0006620418,0.15993849237419827,0.0,0.0,0.0,0.0,-0.0,-0.0,0.9860463295464162,0.9860463295464162,1.1368866,-0.013019115,46
2025-07-11,-0.015544393,0.001211416,0.15908477369038126,0.0,0.0,0.0,0.0,-0.0,-0.0,0.9860463295464162,0.9860463295464162,1.1192144,-0.015544393,46
2025-07-14,0.0096962005,0.0017296422,0.16678790494715837,0.0,0.0,0.0,0.0,0.0,0.0,0.9860463295464162,0.9860463295464162,1.1300666,0.0096962005,46
2025-07-15,0.013966089,0.0058043967,0.16327447815116952,0.10886555278755657,0.10886555278755657,0.10886555278755657,0.00018074237108120175,0.0,-0.00018074237108120175,0.985868109194818,0.985868109194818,1.1458492,0.013966089,47
2025-07-16,-0.015291393,0.005838195,0.16713166920096584,0.10450356099265116,0.10450356099265116,-0.004361991794905401,2.4179966822728996e-05,-0.0016647059,-0.001688885890581176,0.984203090455225,0.984203090455225,1.1283276,-0.015291393,47
2025-07-17,0.0016406089,0.004460528,0.1737871267057296,0.07384499596160735,0.07384499596160735,-0.03065856503104382,8.321798574400618e-05,0.00017144947,8.823148621956334e-05,0.9842899281566378,0.9842899281566378,1.1301787,0.0016406089,48
2025-07-18,-0.0011354517,0.004995918,0.1720075272306281,0.08442875638354197,0.08442875638354197,0.010583760421934624,3.8811625522051235e-05,-8.384743e-05,-0.00012265905530001246,0.9841691960839087,0.9841691960839087,1.1288954,-0.0011354517,49
2025-07-21,-0.008493998,0.0044325823,0.17149538472606313,0.07535671154776263,0.07535671154776263,-0.009072044835779336,3.76553016497409e-05,-0.0007171377,-0.0007547930090470827,0.9834263520549851,0.9834263520549851,1.1193066,-0.008493998,49
2025-07-22,0.0022890342,0.004693131,0.15331267736594595,0.09983355626691119,0.09983355626691119,0.024476844719148558,6.531734261663023e-05,0.0001724941,0.00010717675313352284,0.9835317524983443,0.9835317524983443,1.1218687,0.0022890342,50
2025-07-23,-0.014071243,0.005903434,0.15351840072702158,0.12524310965815003,0.12524310965815003,0.025409553391238834,6.690369759922897e-05,-0.0014047822,-0.0014716858726856676,0.9820843027128547,0.9820843027128547,1.1060827,-0.014071243,51
2025-07-24,-0.023989156,0.0071417494,0.14091983704388342,0.1798168332960024,0.1798168332960024,0.05457372363785237,0.0001110679252280731,-0.0030044767,-0.0031155445860906383,0.9790245752804531,0.9790245752804531,1.0795487,-0.023989156,52
2025-07-25,0.00019788583,0.0076827807,0.1590590046772045,0.15183500987653212,0.15183500987653212,-0.02798182341947028,7.819311031292599e-05,3.55832e-05,-4.260990863352489e-05,0.9789828591327504,0.9789828591327504,1.0797623,0.00019788583,53
2025-07-28,-0.0015183494,0.007931589,0.15927142532053434,0.15633437477844575,0.15633437477844575,0.004499364901913633,2.3502214666231706e-05,-0.0002305386,-0.0002540408152563117,0.9787341575290944,0.9787341575290944,1.0781229,-0.0015183494,53
2025-07-29,0.0034953905,0.0068022856,0.15928183345896033,0.13405788751377187,0.13405788751377187,-0.022276487264673878,6.707469315402521e-05,0.0005464497,0.00047937498579598653,0.979203338201958,0.979203338201958,1.0818913,0.0034953905,54
2025-07-30,-0.0066050584,0.006666003,0.15945269547002403,0.1310906646495995,0.1310906646495995,-0.002967222864172364,1.931185639667316e-05,-0.00088546023,-0.0009047720911094825,0.9783173823500316,0.9783173823500316,1.0747454,-0.0066050584,54
2025-07-31,-0.026457032,0.0064209476,0.15895910724631782,0.12705691341503583,0.12705691341503583,-0.004033751234563676,2.3091330879167557e-05,-0.0034682702,-0.0034913615116260806,0.97490172269514,0.97490172269514,1.0463109,-0.026457032,54
2025-08-01,0.0073896446,0.0066195037,0.1744813229270237,0.10871702113663152,0.10871702113663152,-0.01833989227840431,5.89856896970452e-05,0.0009389054,0.0008799197133209525,0.97575955793949,0.97575955793949,1.0540428,0.0073896446,55
2025-08-04,-0.013737874,0.00801743,0.16797625119508505,0.14207230161458795,0.14207230161458795,0.033355280477956425,7.984009984167667e-05,-0.0014935408,-0.001573380925163947,0.9742243164634816,0.9742243164634816,1.0395626,-0.013737874,56
2025-08-05,-0.01629317,0.0063821618,0.17027081697367108,0.11006706136672054,0.11006706136672054,-0.03200524024786741,8.570727084965267e-05,-0.0023148083,-0.0024005155836531594,0.9718856758098372,0.9718856758098372,1.0226249,-0.01629317,57
2025-08-06,0.00013924083,0.0068479357,0.1683720413567348,0.12077852604108494,0.12077852604108494,0.010711464674364402,3.9093171796492044e-05,1.532583e-05,-2.3767342060534958e-05,0.9718625766705364,0.9718625766705364,1.0227672,0.00013924083,58
2025-08-07,-0.009650457,0.0072622057,0.16944576502338807,0.1264669697920035,0.1264669697920035,0.005688443750918565,2.6898552974873786e-05,-0.0011655679,-0.0011924664502350629,0.9707036631536178,0.9707036631536178,1.012897,-0.009650457,58
2025-08-08,0.0035773488,0.0068118647,0.16903351994970978,0.11920386729905882,0.11920386729905882,-0.007263102492944679,3.283751687134282e-05,0.00045241648,0.0004195789664415024,0.9711109499933247,0.9711109499933247,1.0165205,0.0035773488,58
2025-08-11,-0.002874956,0.0066821524,0.17012717283596276,0.11543539952078333,0.11543539952078333,-0.003768467778275497,2.2188590392431244e-05,-0.00034270587,-0.00036489445950832033,0.9707565969881043,0.9707565969881043,1.0135981,-0.002874956,58
2025-08-12,0.0017539597,0.0051666563,0.1662818240004835,0.09343078978048291,0.09343078978048291,-0.022004609740300413,6.652846685785253e-05,0.00020246903,0.00013594056609843473,0.9708885621894426,0.9708885621894426,1.0153759,0.0017539597,59
2025-08-13,0.014682102,0.005500982,0.16011018230536403,0.10729323208437021,0.10729323208437021,0.013862442303887293,4.573235618306717e-05,0.0013717604,0.0013260280307905523,0.9721759876376798,0.9721759876376798,1.0302837,0.014682102,60
2025-08-14,-0.008253797,0.005289956,0.16114463890431938,0.10185687330237822,0.10185687330237822,-0.005436358781991987,2.756129536974115e-05,-0.00088557653,-0.0009131378289890556,0.971288256966933,0.971288256966933,1.0217799,-0.008253797,60
2025-08-18,0.002920854,0.0041178823,0.1574643122863267,0.08303853081784282,0.08303853081784282,-0.0188183424845354,5.9991149984915494e-05,0.00029750905,0.0002375178965193585,0.9715189553106417,0.9715189553106417,1.0247644,0.002920854,61
2025-08-19,0.038285438,0.0032498832,0.15813732262358046,0.06497839683000566,0.06497839683000566,-0.018060133987837165,5.839459350105212e-05,0.0031791665,0.003120771872496644,0.9745508443399724,0.9745508443399724,1.063998,0.038285438,62
2025-08-20,0.00013370396,0.0019595008,0.2145853882795837,0.0,0.0,-0.06497839683000566,0.0001415159566838553,8.687869e-06,-0.00013282808767120846,0.9744213966149804,0.9744213966149804,1.0641403,0.00013370396,63
2025-08-21,-0.0059654093,0.00061566936,0.21378245362345588,0.0,0.0,0.0,0.0,-0.0,-0.0,0.9744213966149804,0.9744213966149804,1.0577923,-0.0059654093,63
2025-08-22,0.029542472,-0.0011259725,0.21347085997932866,0.0,0.0,0.0,0.0,0.0,0.0,0.9744213966149804,0.9744213966149804,1.0890421,0.029542472,63
2025-08-25,-0.0016330838,-0.0018328663,0.2353999649384408,0.0,0.0,0.0,0.0,-0.0,-0.0,0.9744213966149804,0.9744213966149804,1.0872636,-0.0016330838,63
2025-08-26,-0.019474436,-0.002070116,0.22043536823076332,0.0,0.0,0.0,0.0,-0.0,-0.0,0.9744213966149804,0.9744213966149804,1.0660897,-0.019474436,63
2025-08-28,-0.020541582,-0.0026088818,0.23049168496621014,0.0,0.0,0.0,0.0,-0.0,-0.0,0.9744213966149804,0.9744213966149804,1.0441905,-0.020541582,63
2025-08-29,0.02007478,-0.0047903177,0.24026282757935816,0.0,0.0,0.0,0.0,0.0,0.0,0.9744213966149804,0.9744213966149804,1.0651524,0.02007478,63
2025-09-01,-0.00046693647,-0.0038351808,0.2506366368896594,0.0,0.0,0.0,0.0,-0.0,-0.0,0.9744213966149804,0.9744213966149804,1.0646551,-0.00046693647,63
2025-09-02,-0.013164219,-0.0050273375,0.2497346770756096,0.0,0.0,0.0,0.0,-0.0,-0.0,0.9744213966149804,0.9744213966149804,1.0506397,-0.013164219,63
2025-09-03,-0.010944753,-0.003375622,0.23674954862624467,0.0,0.0,0.0,0.0,-0.0,-0.0,0.9744213966149804,0.9744213966149804,1.0391408,-0.010944753,63
2025-09-04,-0.012656611,-0.0016423739,0.2382759819615647,0.0,0.0,0.0,0.0,-0.0,-0.0,0.9744213966149804,0.9744213966149804,1.0259888,-0.012656611,63
2025-09-05,-0.00813213,-0.00039964193,0.237585762713618,0.0,0.0,0.0,0.0,-0.0,-0.0,0.9744213966149804,0.9744213966149804,1.0176454,-0.00813213,63
2025-09-08,0.048627365,-0.00011103053,0.23263216890008684,0.0,0.0,0.0,0.0,0.0,0.0,0.9744213966149804,0.9744213966149804,1.0671308,0.048627365,63
2025-09-09,0.018637918,0.0004369598,0.2851249201899115,0.0,0.0,0.0,0.0,0.0,0.0,0.9744213966149804,0.9744213966149804,1.0870199,0.018637918,63
2025-09-10,-0.015054716,0.0008265523,0.2870676938465575,0.0,0.0,0.0,0.0,-0.0,-0.0,0.9744213966149804,0.9744213966149804,1.0706551,-0.015054716,63
2025-09-11,0.010476857,0.00090007065,0.29386071914685197,0.0,0.0,0.0,0.0,0.0,0.0,0.9744213966149804,0.9744213966149804,1.0818722,0.010476857,63
2025-09-12,-0.011338254,0.0008465702,0.294318558963294,0.0,0.0,0.0,0.0,-0.0,-0.0,0.9744213966149804,0.9744213966149804,1.0696057,-0.011338254,63
2025-09-15,0.0019208059,-0.00015240174,0.29843148861890323,0.0,0.0,0.0,0.0,0.0,0.0,0.9744213966149804,0.9744213966149804,1.0716603,0.0019208059,63
2025-09-16,0.0073178154,-0.0010109558,0.29536241836912275,0.0,0.0,0.0,0.0,0.0,0.0,0.9744213966149804,0.9744213966149804,1.0795025,0.0073178154,63
2025-09-17,0.011883832,-0.0013305992,0.2935308816919042,0.0,0.0,0.0,0.0,0.0,0.0,0.9744213966149804,0.9744213966149804,1.0923312,0.011883832,63
2025-09-18,-0.0002596701,-0.0017435863,0.2951387616672649,0.0,0.0,0.0,0.0,-0.0,-0.0,0.9744213966149804,0.9744213966149804,1.0920475,-0.0002596701,63
2025-09-19,-0.026780594,-0.0023087817,0.26766429221738297,0.0,0.0,0.0,0.0,-0.0,-0.0,0.9744213966149804,0.9744213966149804,1.0628017,-0.026780594,63
2025-09-22,-0.0013346544,-0.0021479935,0.2841266259582714,0.0,0.0,0.0,0.0,-0.0,-0.0,0.9744213966149804,0.9744213966149804,1.0613832,-0.0013346544,63
2025-09-23,-0.0019384396,-0.00229164,0.2833709123165363,0.0,0.0,0.0,0.0,-0.0,-0.0,0.9744213966149804,0.9744213966149804,1.0593258,-0.0019384396,63
2025-09-24,-0.0065784184,-0.0007334105,0.26371540901628293,0.0,0.0,0.0,0.0,-0.0,-0.0,0.9744213966149804,0.9744213966149804,1.0523571,-0.0065784184,63
2025-09-25,-0.024475504,-0.0006292572,0.2643465206826572,0.0,0.0,0.0,0.0,-0.0,-0.0,0.9744213966149804,0.9744213966149804,1.0266001,-0.024475504,63
2025-09-26,-0.0049123294,0.00081267144,0.2689469474355074,0.0,0.0,0.0,0.0,-0.0,-0.0,0.9744213966149804,0.9744213966149804,1.0215571,-0.0049123294,63
2025-09-29,0.0,0.0006524528,0.26084338375079397,0.0,0.0,0.0,0.0,0.0,0.0,0.9744213966149804,0.9744213966149804,1.0215571,0.0,63
2025-09-30,0.0027705273,0.0013560735,0.2500697185997703,0.0,0.0,0.0,0.0,0.0,0.0,0.9744213966149804,0.9744213966149804,1.0243874,0.0027705273,63
2025-10-01,0.0005530805,0.0021574418,0.2505260504188836,0.0,0.0,0.0,0.0,0.0,0.0,0.9744213966149804,0.9744213966149804,1.024954,0.0005530805,63
2025-10-03,0.020119758,0.0026625772,0.24727161477196577,0.0,0.0,0.0,0.0,0.0,0.0,0.9744213966149804,0.9744213966149804,1.0455759,0.020119758,63
2025-10-06,-0.011927243,0.0028719294,0.25456003197904586,0.0,0.0,0.0,0.0,-0.0,-0.0,0.9744213966149804,0.9744213966149804,1.033105,-0.011927243,63
2025-10-07,0.024717718,0.0028770627,0.2541219439707531,0.0,0.0,0.0,0.0,0.0,0.0,0.9744213966149804,0.9744213966149804,1.058641,0.024717718,63
2025-10-08,0.009519809,0.002805774,0.26483922184911113,0.0,0.0,0.0,0.0,0.0,0.0,0.9744213966149804,0.9744213966149804,1.068719,0.009519809,63
2025-10-09,0.0037034245,0.001999201,0.20946158296364045,0.0,0.0,0.0,0.0,0.0,0.0,0.9744213966149804,0.9744213966149804,1.072677,0.0037034245,63
2025-10-10,-0.014428002,0.0012266748,0.19949800806391246,0.0,0.0,0.0,0.0,-0.0,-0.0,0.9744213966149804,0.9744213966149804,1.0572004,-0.014428002,63
2025-10-13,-0.0022123777,0.00074440753,0.19896187066067514,0.0,0.0,0.0,0.0,-0.0,-0.0,0.9744213966149804,0.9744213966149804,1.0548614,-0.0022123777,63
2025-10-14,-0.010457917,0.0012200803,0.19513074430980631,0.0,0.0,0.0,0.0,-0.0,-0.0,0.9744213966149804,0.9744213966149804,1.0438298,-0.010457917,63
2025-10-15,-0.0019688397,0.001131305,0.19459992925008227,0.0,0.0,0.0,0.0,-0.0,-0.0,0.9744213966149804,0.9744213966149804,1.0417746,-0.0019688397,63
2025-10-16,-0.020875622,0.0014851728,0.19432287170164117,0.0,0.0,0.0,0.0,-0.0,-0.0,0.9744213966149804,0.9744213966149804,1.0200269,-0.020875622,63
2025-10-17,0.013646049,0.0032968838,0.20256886721248488,0.0,0.0,0.0,0.0,0.0,0.0,0.9744213966149804,0.9744213966149804,1.0339463,0.013646049,63
2025-10-20,0.007841022,0.0058854306,0.20416360395622526,0.07059787050895261,0.07059787050895261,0.07059787050895261,0.0001327297801098845,0.0,-0.0001327297801098845,0.9742920618772732,0.9742920618772732,1.0420535,0.007841022,64
2025-10-21,0.03739311,0.0025200932,0.20706043725620107,0.0,0.0,-0.07059787050895261,0.00015037924773712266,0.0026398741,0.0024894948697118035,0.9767175569669176,0.9767175569669176,1.081019,0.03739311,65
2025-10-23,-0.0020301498,0.0014891182,0.2280240838862925,0.0,0.0,0.0,0.0,-0.0,-0.0,0.9767175569669176,0.9767175569669176,1.0788244,-0.0020301498,65
2025-10-24,0.0013967197,0.00084137684,0.22811843720935285,0.0,0.0,0.0,0.0,0.0,0.0,0.9767175569669176,0.9767175569669176,1.0803313,0.0013967197,65
2025-10-27,-0.0028621443,0.00023467164,0.22790267531703967,0.0,0.0,0.0,0.0,-0.0,-0.0,0.9767175569669176,0.9767175569669176,1.0772393,-0.0028621443,65
2025-10-28,0.0067761214,0.0002509741,0.22675573985850375,0.0,0.0,0.0,0.0,0.0,0.0,0.9767175569669176,0.9767175569669176,1.0845387,0.0067761214,65
2025-10-29,-0.01105132,-0.00010396121,0.20811364033175317,0.0,0.0,0.0,0.0,-0.0,-0.0,0.9767175569669176,0.9767175569669176,1.0725532,-0.01105132,65
2025-10-30,-0.0077282246,0.00024707825,0.21181126456616398,0.0,0.0,0.0,0.0,-0.0,-0.0,0.9767175569669176,0.9767175569669176,1.0642642,-0.0077282246,65
2025-10-31,0.0021563836,-0.00055980915,0.21446143681287452,0.0,0.0,0.0,0.0,0.0,0.0,0.9767175569669176,0.9767175569669176,1.0665591,0.0021563836,65
2025-11-03,-0.01191858,-0.0011695172,0.2144464751138872,0.0,0.0,0.0,0.0,-0.0,-0.0,0.9767175569669176,0.9767175569669176,1.0538472,-0.01191858,65
2025-11-04,-0.00081789825,-0.0012846482,0.21954958242727882,0.0,0.0,0.0,0.0,-0.0,-0.0,0.9767175569669176,0.9767175569669176,1.0529853,-0.00081789825,65
2025-11-06,0.006862716,-0.0013012155,0.20932080697771432,0.0,0.0,0.0,0.0,0.0,0.0,0.9767175569669176,0.9767175569669176,1.0602117,0.006862716,65
2025-11-07,0.02454723,-0.0007131747,0.20562337493904148,0.0,0.0,0.0,0.0,0.0,0.0,0.9767175569669176,0.9767175569669176,1.086237,0.02454723,65
2025-11-10,0.011038982,0.0015370047,0.2053912172718499,0.0,0.0,0.0,0.0,0.0,0.0,0.9767175569669176,0.9767175569669176,1.098228,0.011038982,65
2025-11-11,0.013887263,-0.000681764,0.20618269410513665,0.0,0.0,0.0,0.0,0.0,0.0,0.9767175569669176,0.9767175569669176,1.1134794,0.013887263,65
2025-11-12,-0.006400539,-0.00022968906,0.2103902875538445,0.0,0.0,0.0,0.0,-0.0,-0.0,0.9767175569669176,0.9767175569669176,1.1063526,-0.006400539,65
2025-11-13,-0.025620537,-0.00018430129,0.20460027267291447,0.0,0.0,0.0,0.0,-0.0,-0.0,0.9767175569669176,0.9767175569669176,1.0780072,-0.025620537,65
2025-11-14,0.0031889703,-0.0015680855,0.2250103512247626,0.0,0.0,0.0,0.0,0.0,0.0,0.9767175569669176,0.9767175569669176,1.081445,0.0031889703,65
2025-11-17,-0.014161903,-0.0022119167,0.22127233631680104,0.0,0.0,0.0,0.0,-0.0,-0.0,0.9767175569669176,0.9767175569669176,1.0661297,-0.014161903,65
2025-11-18,0.036139347,-0.0015156919,0.22750539194234867,0.0,0.0,0.0,0.0,0.0,0.0,0.9767175569669176,0.9767175569669176,1.104659,0.036139347,65
2025-11-19,-0.0029893422,-0.0015546996,0.24227638840473073,0.0,0.0,0.0,0.0,-0.0,-0.0,0.9767175569669176,0.9767175569669176,1.1013567,-0.0029893422,65
2025-11-20,0.005516798,-0.001728253,0.24078355975498206,0.0,0.0,0.0,0.0,0.0,0.0,0.9767175569669176,0.9767175569669176,1.1074327,0.005516798,65
2025-11-21,0.0019399087,-0.0019978145,0.2403652383391261,0.0,0.0,0.0,0.0,0.0,0.0,0.9767175569669176,0.9767175569669176,1.109581,0.0019399087,65
2025-11-24,-0.011303989,-0.0020299724,0.20709693966212964,0.0,0.0,0.0,0.0,-0.0,-0.0,0.9767175569669176,0.9767175569669176,1.0970384,-0.011303989,65
2025-11-25,0.017678974,-0.0014137458,0.2112327701791335,0.0,0.0,0.0,0.0,0.0,0.0,0.9767175569669176,0.9767175569669176,1.1164329,0.017678974,65
2025-11-26,0.0054412223,-0.0018735812,0.2187438831093816,0.0,0.0,0.0,0.0,0.0,0.0,0.9767175569669176,0.9767175569669176,1.1225076,0.0054412223,65
2025-11-27,-0.0040301145,-0.0029659118,0.21848455192169722,0.0,0.0,0.0,0.0,-0.0,-0.0,0.9767175569669176,0.9767175569669176,1.1179837,-0.0040301145,65
2025-11-28,0.002496713,-0.0032424633,0.21873723017999,0.0,0.0,0.0,0.0,0.0,0.0,0.9767175569669176,0.9767175569669176,1.120775,0.002496713,65
2025-12-01,-0.0019199643,-0.0042056614,0.214123867175545,0.0,0.0,0.0,0.0,-0.0,-0.0,0.9767175569669176,0.9767175569669176,1.1186231,-0.0019199643,65
2025-12-02,0.011275068,-0.004470684,0.21178394320279584,0.0,0.0,0.0,0.0,0.0,0.0,0.9767175569669176,0.9767175569669176,1.1312357,0.011275068,65
2025-12-03,0.011900751,-0.004666478,0.2138586666257085,-0.05101589486114083,-0.05101589486114083,-0.05101589486114083,0.00011882700622156839,0.0,-0.00011882700622156839,0.9766014965436992,0.9766014965436992,1.1446983,0.011900751,66
2025-12-04,0.011575226,-0.0038924585,0.20916443356843675,0.0,0.0,0.05101589486114083,0.00010607303250628319,-0.0005905205,-0.0006965935359713694,0.9759212022539868,0.9759212022539868,1.1579484,0.011575226,67
2025-12-05,-0.0033467016,-0.0034698807,0.20991086267759865,0.0,0.0,0.0,0.0,-0.0,-0.0,0.9759212022539868,0.9759212022539868,1.1540731,-0.0033467016,67
2025-12-08,-0.0073525845,-0.0035047526,0.21143504880121305,0.0,0.0,0.0,0.0,-0.0,-0.0,0.9759212022539868,0.9759212022539868,1.1455877,-0.0073525845,67
2025-12-09,-0.00892018,-0.0041923453,0.201761305074358,-0.05149336751757869,-0.05149336751757869,-0.05149336751757869,0.00011962131111997619,-0.0,-0.00011962131111997619,0.9758044612802235,0.9758044612802235,1.1353688,-0.00892018,68
2025-12-10,0.008294631,-0.004535145,0.2030419348450899,-0.05500342165716002,-0.05500342165716002,-0.0035100541395813242,2.1287277158724002e-05,-0.00042711847,-0.00044840575061217124,0.9753669049483124,0.9753669049483124,1.1447862,0.008294631,68
2025-12-11,0.00012509423,-0.005077138,0.19985785762256006,-0.06355453178868357,-0.06355453178868357,-0.008551110131523557,3.630132506769695e-05,-6.8806107e-06,-4.318193579420876e-05,0.9753247867172471,0.9753247867172471,1.1449294,0.00012509423,68
2025-12-12,0.0053667077,-0.005609168,0.19801045740481443,-0.07153065699847255,-0.07153065699847255,-0.007976125209788978,3.477684790717773e-05,-0.0003410786,-0.00037585543455073944,0.9749582055957073,0.9749582055957073,1.1510739,0.0053667077,68
2025-12-15,-0.0086883735,-0.0059426343,0.1727882854554506,-0.09952230355051521,-0.09952230355051521,-0.027991646552042657,7.821175102206367e-05,0.00062148506,0.0005432733071961771,0.9754878743644394,0.9754878743644394,1.141073,-0.0086883735,69
2025-12-16,0.0056965775,-0.0058829016,0.17739026455849222,-0.09347641028869949,-0.09347641028869949,0.0060458932618157185,2.7867068540476005e-05,-0.0005669365,-0.0005948035740332527,0.9749076506903412,0.9749076506903412,1.1475731,0.0056965775,69
2025-12-17,0.01536209,-0.005584674,0.16725894713237083,-0.09981345994777226,-0.09981345994777226,-0.006337049659072766,3.0225063143114516e-05,-0.001435993,-0.0014662180695960325,0.9734782234767116,0.9734782234767116,1.1652023,0.01536209,69
2025-12-18,0.0072882753,-0.005344337,0.12909922257093576,-0.1603306577348573,-0.1603306577348573,-0.060517197787085045,0.00013437844533923686,-0.000727468,-0.0008618464409418744,0.9726392347344738,0.9726392347344738,1.1736945,0.0072882753,70
2025-12-19,0.030588578,-0.0046126395,0.1284553520644172,-0.13977037002239018,-0.13977037002239018,0.020560287712467123,5.845735304097144e-05,-0.004904287,-0.004962744288966455,0.9678122749270706,0.9678122749270706,1.2095962,0.030588578,71
2025-12-22,-0.012686617,-0.0029955697,0.15861627440262516,-0.05953247622110709,-0.05953247622110709,0.08023789380128309,0.00014523754057511364,0.0017732132,0.0016279756121985647,0.9693878497078383,0.9693878497078383,1.1942505,-0.012686617,72
2025-12-23,-0.002941475,-0.0021800133,0.16857837087359948,0.0,0.0,0.05953247622110709,0.00011790672335248057,0.00017511328,5.720655706771102e-05,0.9694433050491833,0.9694433050491833,1.1907376,-0.002941475,73
2025-12-24,-0.0043982645,-0.0031506186,0.1619688185816377,-0.0600486174790245,-0.0600486174790245,-0.0600486174790245,0.0001336231243554896,-0.0,-0.0001336231243554896,0.9693137650058771,0.9693137650058771,1.1855004,-0.0043982645,74
2025-12-26,-0.0069074645,-0.004683506,0.15664065005907218,-0.09544037808616433,-0.09544037808616433,-0.03539176060713983,9.186524637031394e-05,0.0004147837,0.00032291844165896044,0.9696267742963512,0.9696267742963512,1.1773115,-0.0069074645,75
2025-12-29,-0.01414468,-0.004606663,0.15977827505016112,-0.09022376999177056,-0.09022376999177056,0.005216608094393768,2.558549971566106e-05,0.0013499737,0.0013243882254393349,0.9709109365792999,0.9709109365792999,1.1606588,-0.01414468,75
2025-12-30,-0.0038306653,-0.0046402607,0.16804893075261634,-0.08215630134464516,-0.08215630134464516,0.008067468647125403,3.300439548420903e-05,0.00034561704,0.00031261264248077576,0.9712144556127975,0.9712144556127975,1.1562127,-0.0038306653,75
2025-12-31,0.008874689,-0.0042061503,0.16911075306780243,-0.07353808990881001,-0.07353808990881001,0.008618211435835146,3.4322573541222444e-05,-0.00072911166,-0.0007634342370727345,0.9704729972458428,0.9704729972458428,1.1664736,0.008874689,75
2026-01-01,0.006482811,-0.003786609,0.1703931421687512,-0.0652103075733515,-0.0652103075733515,0.008327782335458514,3.36311696694672e-05,-0.00047673355,-0.0005103647182361662,0.9699777020680476,0.9699777020680476,1.1740357,0.006482811,75
2026-01-02,-0.020944504,-0.0023991093,0.16803485611088123,0.0,0.0,0.0652103075733515,0.00012558186789301775,0.0013657975,0.0012402156098813043,0.9711806835553892,0.9711806835553892,1.1494461,-0.020944504,76
2026-01-05,0.0036040389,-0.0017428678,0.18061813284070627,0.0,0.0,0.0,0.0,0.0,0.0,0.9711806835553892,0.9711806835553892,1.1535888,0.0036040389,76
2026-01-06,0.016486641,-0.0015558526,0.17659185389435067,0.0,0.0,0.0,0.0,0.0,0.0,0.9711806835553892,0.9711806835553892,1.1726075,0.016486641,76
2026-01-07,-0.015804524,-0.004117337,0.18477927405797326,-0.060294807380900144,-0.060294807380900144,-0.060294807380900144,0.00013402010516989376,-0.0,-0.00013402010516989376,0.9710505258180401,0.9710505258180401,1.154075,-0.015804524,77
2026-01-08,0.0004956942,-0.0065234606,0.19136057357645206,-0.0890723931716248,-0.0890723931716248,-0.028777585790724654,7.969823621653983e-05,-2.9887788e-05,-0.00010958602382136074,0.9709441122519861,0.9709441122519861,1.1546471,0.0004956942,78
2026-01-09,-0.011339652,-0.008496014,0.18846887042425153,-0.11959306295045401,-0.11959306295045401,-0.03052066977882921,8.296168825290892e-05,0.00101005,0.000927088261147218,0.9718442631406848,0.9718442631406848,1.1415538,-0.011339652,79
2026-01-12,0.0019405698,-0.008937368,0.19086312665369873,-0.12266921472346184,-0.12266921472346184,-0.0030761517730078375,1.971814794895024e-05,-0.00023207869,-0.00025179683593530924,0.9715995558302041,0.9715995558302041,1.143769,0.0019405698,79
2026-01-13,0.0005002041,-0.005263275,0.19098320463707327,-0.07214989670294607,-0.07214989670294607,0.05051931802051578,0.00010536951637266944,-6.135964e-05,-0.00016672915850438917,0.9714375618538573,0.9714375618538573,1.1443411,0.0005002041,80
2026-01-14,0.0,-0.0036989134,0.19005581584845999,-0.051201400218621095,-0.051201400218621095,0.020948496484324973,5.9153107167546655e-05,-0.0,-5.9153107167546655e-05,0.9713800983036545,0.9713800983036545,1.1443411,0.0,81
2026-01-16,-0.005102431,-0.00232918,0.18765814444859177,0.0,0.0,0.051201400218621095,0.00010633543077432381,0.0002612516,0.00015491618016227318,0.9715305807979692,0.9715305807979692,1.1385021,-0.005102431,82
2026-01-19,-0.013353001,-0.0051128957,0.18741742667891634,-0.07278082937831357,-0.07278082937831357,-0.07278082937831357,0.00015378737722769546,-0.0,-0.00015378737722769546,0.9713811716580517,0.9713811716580517,1.1232997,-0.013353001,83
2026-01-20,-0.0027163129,-0.0059403544,0.183709763913268,-0.08800713518005454,-0.08800713518005454,-0.015226305801740975,5.226000752397076e-05,0.00019769551,0.00014543550247229442,0.971522444966844,0.971522444966844,1.1202484,-0.0027163129,84
2026-01-21,0.005485395,-0.007634141,0.18094424465519474,-0.1165844516539619,-0.1165844516539619,-0.028577316473907363,7.932037380005565e-05,-0.0004827539,-0.0005620742825273738,0.97097637718563,0.97097637718563,1.1263934,0.005485395,85
2026-01-22,0.0043787416,-0.008196415,0.14218722009298226,-0.2027089094044768,-0.2027089094044768,-0.0861244577505149,0.0001742514885958438,-0.0005104932,-0.0006847446655851011,0.970311506290943,0.970311506290943,1.1313257,0.0043787416,86
2026-01-23,0.0070970203,-0.006917072,0.14042984140204867,-0.17537734436921226,-0.17537734436921226,0.027331565035264543,7.012278803122886e-05,-0.0014386292,-0.001508752019446918,0.968847546846334,0.968847546846334,1.1393547,0.0070970203,87
2026-01-27,-0.009673994,-0.0051792064,0.14413283233283536,-0.12465433293881495,-0.12465433293881495,0.05072301143039731,0.0001056582909429204,0.0016965993,0.0015909410072138775,0.9703889261383505,0.9703889261383505,1.1283326,-0.009673994,88
2026-01-28,-0.004209237,-0.0035856012,0.14624917352516434,-0.08381951642557155,-0.08381951642557155,0.0408348165132434,9.128982643191377e-05,0.00052469963,0.000433409803318189,0.9708095022119704,0.9708095022119704,1.1235832,-0.004209237,89
2026-01-29,-0.011210542,-0.0034734248,0.14551352216161684,-0.08202027130520502,-0.08202027130520502,0.0017992451203665272,1.4076485964335916e-05,0.0009396622,0.0009255857330608587,0.9717080696367376,0.9717080696367376,1.1109872,-0.011210542,89
2026-01-30,-0.007094007,-0.0026249602,0.14293357528070647,-0.06424276207918905,-0.06424276207918905,0.017777509226015967,5.3350607306864976e-05,0.00058185234,0.0005285017277103096,0.9722216190303707,0.9722216190303707,1.1031058,-0.007094007,90
2026-02-02,0.01619323,-0.0027406528,0.14384702248617245,-0.0662250455616306,-0.0662250455616306,-0.0019822834824415464,1.5341118442349642e-05,-0.0010402979,-0.0010556390280821253,0.9711953039453771,0.9711953039453771,1.1209687,0.01619323,90
2026-02-03,-0.075353645,-0.0014061071,0.1524745413211928,0.0,0.0,0.0662250455616306,0.00012693769116855846,0.0049902983,0.004863360609812963,0.9759185769310204,0.9759185769310204,1.0364996,-0.075353645,91
2026-02-04,-0.010209565,-0.0015375549,0.2888388810620506,0.0,0.0,0.0,0.0,-0.0,-0.0,0.9759185769310204,0.9759185769310204,1.0259174,-0.010209565,91
2026-02-05,-0.008654619,0.005372081,0.2843037712915382,0.0,0.0,0.0,0.0,-0.0,-0.0,0.9759185769310204,0.9759185769310204,1.0170385,-0.008654619,91
2026-02-06,-0.006590578,0.008328885,0.2827476658911317,0.05209053341714997,0.05209053341714997,0.05209053341714997,0.00010759004249887056,-0.0,-0.00010759004249887056,0.9758135778098529,0.9758135778098529,1.0103356,-0.006590578,92
2026-02-09,0.0004007435,-0.0009347941,0.2714406427829276,0.0,0.0,-0.05209053341714997,0.00012061267585315806,2.0874942e-05,-9.973773336034798e-05,0.9757162523754199,0.9757162523754199,1.0107405,0.0004007435,93
2026-02-10,-0.017443301,0.0016414071,0.27059935768492915,0.0,0.0,0.0,0.0,-0.0,-0.0,0.9757162523754199,0.9757162523754199,0.9931099,-0.017443301,93
2026-02-11,-0.060132194,0.002748893,0.2721091291281951,0.0,0.0,0.0,0.0,-0.0,-0.0,0.9757162523754199,0.9757162523754199,0.933392,-0.060132194,93
2026-02-12,-0.012268366,0.002843131,0.3260917965631237,0.0,0.0,0.0,0.0,-0.0,-0.0,0.9757162523754199,0.9757162523754199,0.9219408,-0.012268366,93
2026-02-13,-0.0025596337,0.0024516364,0.32373249038941365,0.0,0.0,0.0,0.0,-0.0,-0.0,0.9757162523754199,0.9757162523754199,0.91958094,-0.0025596337,93
2026-02-16,0.018572772,0.002622528,0.3227054259342268,0.0,0.0,0.0,0.0,0.0,0.0,0.9757162523754199,0.9757162523754199,0.9366601,0.018572772,93
2026-02-17,-0.0126589015,0.0023531509,0.3355630251192986,0.0,0.0,0.0,0.0,-0.0,-0.0,0.9757162523754199,0.9757162523754199,0.924803,-0.0126589015,93
2026-02-18,-0.0023320878,0.002424342,0.335412047974972,0.0,0.0,0.0,0.0,-0.0,-0.0,0.9757162523754199,0.9757162523754199,0.9226463,-0.0023320878,93
2026-02-19,-0.01270359,0.0021089131,0.33600853483993487,0.0,0.0,0.0,0.0,-0.0,-0.0,0.9757162523754199,0.9757162523754199,0.9109253,-0.01270359,93
2026-02-20,-0.019174585,0.0029339069,0.33542952300284057,0.0,0.0,0.0,0.0,-0.0,-0.0,0.9757162523754199,0.9757162523754199,0.8934587,-0.019174585,93
2026-02-23,-0.039959293,0.0023173457,0.3324944279667193,0.0,0.0,0.0,0.0,-0.0,-0.0,0.9757162523754199,0.9757162523754199,0.85775673,-0.039959293,93
2026-02-24,0.011381488,0.0024979236,0.34194605255762034,0.0,0.0,0.0,0.0,0.0,0.0,0.9757162523754199,0.9757162523754199,0.8675193,0.011381488,93
2026-02-25,-0.0007753874,0.002668606,0.3452369462576041,0.0,0.0,0.0,0.0,-0.0,-0.0,0.9757162523754199,0.9757162523754199,0.8668466,-0.0007753874,93
2026-02-26,0.008496852,0.0024654549,0.34746139016040267,0.0,0.0,0.0,0.0,0.0,0.0,0.9757162523754199,0.9757162523754199,0.8742121,0.008496852,93
2026-02-27,-0.008652041,0.0023937237,0.3535812277119929,0.0,0.0,0.0,0.0,-0.0,-0.0,0.9757162523754199,0.9757162523754199,0.8666484,-0.008652041,93
2026-03-02,0.014251294,0.0026194972,0.353722772480871,0.0,0.0,0.0,0.0,0.0,0.0,0.9757162523754199,0.9757162523754199,0.8789993,0.014251294,93
2026-03-04,-0.0012244974,0.0024582183,0.3641214785313844,0.0,0.0,0.0,0.0,-0.0,-0.0,0.9757162523754199,0.9757162523754199,0.87792295,-0.0012244974,93
2026-03-05,0.001989131,0.0033043912,0.35341153365964467,0.0,0.0,0.0,0.0,0.0,0.0,0.9757162523754199,0.9757162523754199,0.87966925,0.001989131,93
2026-03-06,0.0050316486,0.002175292,0.27274863826989026,0.0,0.0,0.0,0.0,0.0,0.0,0.9757162523754199,0.9757162523754199,0.8840955,0.0050316486,93
2026-03-09,-0.014862794,0.0029880404,0.2758683003516219,0.0,0.0,0.0,0.0,-0.0,-0.0,0.9757162523754199,0.9757162523754199,0.87095535,-0.014862794,93
2026-03-10,-0.015008567,0.0031038332,0.27713620085078455,0.0,0.0,0.0,0.0,-0.0,-0.0,0.9757162523754199,0.9757162523754199,0.8578836,-0.015008567,93
2026-03-11,-0.008260924,0.0021011343,0.27837222642601767,0.0,0.0,0.0,0.0,-0.0,-0.0,0.9757162523754199,0.9757162523754199,0.8507967,-0.008260924,93
2026-03-12,-0.013921758,0.0026127077,0.27692055723277165,0.0,0.0,0.0,0.0,-0.0,-0.0,0.9757162523754199,0.9757162523754199,0.8389521,-0.013921758,93
2026-03-13,0.00120094,0.0026332666,0.27573500521518945,0.0,0.0,0.0,0.0,0.0,0.0,0.9757162523754199,0.9757162523754199,0.8399596,0.00120094,93
2026-03-16,-0.013614481,0.0028589265,0.20507708073026631,0.0,0.0,0.0,0.0,-0.0,-0.0,0.9757162523754199,0.9757162523754199,0.828524,-0.013614481,93
2026-03-17,0.02736169,0.0019931316,0.2057049694219575,0.0,0.0,0.0,0.0,0.0,0.0,0.9757162523754199,0.9757162523754199,0.8511938,0.02736169,93
2026-03-18,-0.037224356,0.0019568068,0.23300527996465503,0.0,0.0,0.0,0.0,-0.0,-0.0,0.9757162523754199,0.9757162523754199,0.8195087,-0.037224356,93
2026-03-19,0.028345982,0.0011194241,0.2454118844584144,0.0,0.0,0.0,0.0,0.0,0.0,0.9757162523754199,0.9757162523754199,0.8427384,0.028345982,93
2026-03-20,0.000716397,0.0018730934,0.27038539947569545,0.0,0.0,0.0,0.0,0.0,0.0,0.9757162523754199,0.9757162523754199,0.8433422,0.000716397,93
2026-03-23,0.016962318,0.0011873828,0.2708434758407381,0.0,0.0,0.0,0.0,0.0,0.0,0.9757162523754199,0.9757162523754199,0.8576472,0.016962318,93
2026-03-24,0.00062555855,0.0015483468,0.2780389885849365,0.0,0.0,0.0,0.0,0.0,0.0,0.9757162523754199,0.9757162523754199,0.85818374,0.00062555855,93
2026-03-25,-0.007376077,-0.00054375525,0.27196113840995095,0.0,0.0,0.0,0.0,-0.0,-0.0,0.9757162523754199,0.9757162523754199,0.8518537,-0.007376077,93
2026-03-27,-0.015157211,-0.0011228975,0.23713119022472162,0.0,0.0,0.0,0.0,-0.0,-0.0,0.9757162523754199,0.9757162523754199,0.838942,-0.015157211,93
2026-03-30,0.019871615,-0.00034565572,0.23852240646622935,0.0,0.0,0.0,0.0,0.0,0.0,0.9757162523754199,0.9757162523754199,0.8556131,0.019871615,93
2026-04-01,0.01948451,4.2219996e-05,0.24922772385597006,0.0,0.0,0.0,0.0,0.0,0.0,0.9757162523754199,0.9757162523754199,0.87228435,0.01948451,93
2026-04-02,0.00414262,-0.0017836653,0.25664390687594385,0.0,0.0,0.0,0.0,0.0,0.0,0.9757162523754199,0.9757162523754199,0.87589794,0.00414262,93
2026-04-06,0.025099622,-0.0019261627,0.25509273942757466,0.0,0.0,0.0,0.0,0.0,0.0,0.9757162523754199,0.9757162523754199,0.89788264,0.025099622,93
2026-04-07,0.0050639915,-0.0017021962,0.26450418032495043,0.0,0.0,0.0,0.0,0.0,0.0,0.9757162523754199,0.9757162523754199,0.9024295,0.0050639915,93
2026-04-08,-0.010904593,-0.0020220727,0.26468055687526537,0.0,0.0,0.0,0.0,-0.0,-0.0,0.9757162523754199,0.9757162523754199,0.89258885,-0.010904593,93
2026-04-09,-0.029802827,-0.0017809821,0.26793514036505856,0.0,0.0,0.0,0.0,-0.0,-0.0,0.9757162523754199,0.9757162523754199,0.8659872,-0.029802827,93
2026-04-10,-0.012221359,-0.0020596257,0.2866186654654875,0.0,0.0,0.0,0.0,-0.0,-0.0,0.9757162523754199,0.9757162523754199,0.85540366,-0.012221359,93
2026-04-13,0.022075968,-0.0029528425,0.2852014436622024,0.0,0.0,0.0,0.0,0.0,0.0,0.9757162523754199,0.9757162523754199,0.87428755,0.022075968,93
2026-04-15,0.0105925035,-0.0035908609,0.2903766835144864,0.0,0.0,0.0,0.0,0.0,0.0,0.9757162523754199,0.9757162523754199,0.8835484,0.0105925035,93
2026-04-16,-0.0003790665,-0.0028613945,0.29010151835485004,0.0,0.0,0.0,0.0,-0.0,-0.0,0.9757162523754199,0.9757162523754199,0.88321346,-0.0003790665,93
2026-04-17,-0.004636523,-0.0033751954,0.28476391745683605,0.0,0.0,0.0,0.0,-0.0,-0.0,0.9757162523754199,0.9757162523754199,0.87911844,-0.004636523,93
2026-04-20,0.00045699495,-0.0031654611,0.2857931108494282,0.0,0.0,0.0,0.0,0.0,0.0,0.9757162523754199,0.9757162523754199,0.87952024,0.00045699495,93
2026-04-21,-0.034552936,-0.0032357043,0.28027552603494027,0.0,0.0,0.0,0.0,-0.0,-0.0,0.9757162523754199,0.9757162523754199,0.8491302,-0.034552936,93
2026-04-22,-0.022318838,-0.0035553654,0.2935498942856766,0.0,0.0,0.0,0.0,-0.0,-0.0,0.9757162523754199,0.9757162523754199,0.8301786,-0.022318838,93
2026-04-23,-0.0718412,-0.0033733933,0.27454353948259247,0.0,0.0,0.0,0.0,-0.0,-0.0,0.9757162523754199,0.9757162523754199,0.7705376,-0.0718412,93
2026-04-24,0.013506248,-0.0032615722,0.35181326347118297,0.0,0.0,0.0,0.0,0.0,0.0,0.9757162523754199,0.9757162523754199,0.7809447,0.013506248,93
2026-04-27,-0.015673824,-0.0038102414,0.3564985520344949,0.0,0.0,0.0,0.0,-0.0,-0.0,0.9757162523754199,0.9757162523754199,0.7687043,-0.015673824,93
2026-04-28,0.013278383,-0.002279005,0.35116701269437095,0.0,0.0,0.0,0.0,0.0,0.0,0.9757162523754199,0.9757162523754199,0.7789114,0.013278383,93
2026-04-29,0.01217406,0.0010227584,0.35614736606834385,0.0,0.0,0.0,0.0,0.0,0.0,0.9757162523754199,0.9757162523754199,0.7883939,0.01217406,93
2026-04-30,0.0,0.0025332319,0.36026088709545456,0.0,0.0,0.0,0.0,0.0,0.0,0.9757162523754199,0.9757162523754199,0.7883939,0.0,93
2026-05-04,0.008267648,0.002941036,0.3579699730358902,0.0,0.0,0.0,0.0,0.0,0.0,0.9757162523754199,0.9757162523754199,0.7949121,0.008267648,93
2026-05-05,-0.009295308,0.00254058,0.3512788410452999,0.0,0.0,0.0,0.0,-0.0,-0.0,0.9757162523754199,0.9757162523754199,0.78752315,-0.009295308,93
2026-05-06,-0.0038628122,0.0025568844,0.3422890184599008,0.0,0.0,0.0,0.0,-0.0,-0.0,0.9757162523754199,0.9757162523754199,0.7844811,-0.0038628122,93
2026-05-07,0.014091357,0.0016812596,0.34089752131692985,0.0,0.0,0.0,0.0,0.0,0.0,0.9757162523754199,0.9757162523754199,0.7955355,0.014091357,93
2026-05-08,-0.0018673436,0.0019159709,0.33112549164652966,0.0,0.0,0.0,0.0,-0.0,-0.0,0.9757162523754199,0.9757162523754199,0.79405,-0.0018673436,93
2026-05-11,-0.0316774,0.001733402,0.32929017019170165,0.0,0.0,0.0,0.0,-0.0,-0.0,0.9757162523754199,0.9757162523754199,0.7688965,-0.0316774,93
2026-05-12,-0.015198783,0.0018658664,0.34041442993737486,0.0,0.0,0.0,0.0,-0.0,-0.0,0.9757162523754199,0.9757162523754199,0.75721025,-0.015198783,93
2026-05-13,-0.025338309,0.0023982497,0.3320720113032157,0.0,0.0,0.0,0.0,-0.0,-0.0,0.9757162523754199,0.9757162523754199,0.7380238,-0.025338309,93
2026-05-14,0.021681106,0.001989746,0.3378616270083822,0.0,0.0,0.0,0.0,0.0,0.0,0.9757162523754199,0.9757162523754199,0.754025,0.021681106,93
2026-05-15,0.02078337,0.0019058564,0.33745946481880407,0.0,0.0,0.0,0.0,0.0,0.0,0.9757162523754199,0.9757162523754199,0.7696962,0.02078337,93
2026-05-18,0.04651608,0.002273979,0.34542331698629397,0.0,0.0,0.0,0.0,0.0,0.0,0.9757162523754199,0.9757162523754199,0.80549943,0.04651608,93
2026-05-19,-0.0026772423,0.0019191431,0.38874142731222106,0.0,0.0,0.0,0.0,-0.0,-0.0,0.9757162523754199,0.9757162523754199,0.8033429,-0.0026772423,93
2026-05-20,-0.01052685,0.0019341663,0.38876372201782666,0.0,0.0,0.0,0.0,-0.0,-0.0,0.9757162523754199,0.9757162523754199,0.79488623,-0.01052685,93
2026-05-21,-0.005688362,0.0008162033,0.38903312130532364,0.0,0.0,0.0,0.0,-0.0,-0.0,0.9757162523754199,0.9757162523754199,0.7903646,-0.005688362,93
2026-05-22,-0.0051215533,-0.00013275072,0.37423331026653217,0.0,0.0,0.0,0.0,-0.0,-0.0,0.9757162523754199,0.9757162523754199,0.78631675,-0.0051215533,93
2026-05-25,-0.0006850023,-0.001487718,0.36811598604382323,0.0,0.0,0.0,0.0,-0.0,-0.0,0.9757162523754199,0.9757162523754199,0.78577816,-0.0006850023,93
2026-05-26,-0.0067020813,-0.0029197424,0.2731841242435766,0.0,0.0,0.0,0.0,-0.0,-0.0,0.9757162523754199,0.9757162523754199,0.78051186,-0.0067020813,93
2026-05-27,0.0,-0.0036625955,0.27068454474971665,0.0,0.0,0.0,0.0,0.0,0.0,0.9757162523754199,0.9757162523754199,0.78051186,0.0,93
2026-05-29,0.03520716,-0.0039154515,0.2648345500142495,0.0,0.0,0.0,0.0,0.0,0.0,0.9757162523754199,0.9757162523754199,0.80799145,0.03520716,93
2026-06-01,0.055243947,-0.0020570115,0.2866468443175328,0.0,0.0,0.0,0.0,0.0,0.0,0.9757162523754199,0.9757162523754199,0.8526281,0.055243947,93
2026-06-02,-0.03866699,-0.0024469486,0.3376059771082945,0.0,0.0,0.0,0.0,-0.0,-0.0,0.9757162523754199,0.9757162523754199,0.8196596,-0.03866699,93
2026-06-03,-0.01757536,-0.0043973844,0.3670687853890111,0.0,0.0,0.0,0.0,-0.0,-0.0,0.9757162523754199,0.9757162523754199,0.80525374,-0.01757536,93
2026-06-04,-0.003168228,-0.0019591516,0.37223400149434516,0.0,0.0,0.0,0.0,-0.0,-0.0,0.9757162523754199,0.9757162523754199,0.80270255,-0.003168228,93
2026-06-05,-0.008301691,-0.0035289465,0.37079614082565854,0.0,0.0,0.0,0.0,-0.0,-0.0,0.9757162523754199,0.9757162523754199,0.79603875,-0.008301691,93
2026-06-08,-0.0061657215,-0.005067668,0.3718227026150692,0.0,0.0,0.0,0.0,-0.0,-0.0,0.9757162523754199,0.9757162523754199,0.7911306,-0.0061657215,93
2026-06-09,-0.008693439,-0.004321787,0.3695424923796815,0.0,0.0,0.0,0.0,-0.0,-0.0,0.9757162523754199,0.9757162523754199,0.78425294,-0.008693439,93
2026-06-10,-0.02717108,-0.0020294727,0.37067591499940866,0.0,0.0,0.0,0.0,-0.0,-0.0,0.9757162523754199,0.9757162523754199,0.7629439,-0.02717108,93
2026-06-11,0.0016136703,-0.0014978177,0.3663898909053177,0.0,0.0,0.0,0.0,0.0,0.0,0.9757162523754199,0.9757162523754199,0.764175,0.0016136703,93
2026-06-12,0.016435318,-0.0010311231,0.3624671758931579,0.0,0.0,0.0,0.0,0.0,0.0,0.9757162523754199,0.9757162523754199,0.7767344,0.016435318,93
2026-06-15,0.0076365974,-0.0017932057,0.35387440013384924,0.0,0.0,0.0,0.0,0.0,0.0,0.9757162523754199,0.9757162523754199,0.78266597,0.0076365974,93
2026-06-16,0.012254076,-0.004111242,0.3479620748421266,0.0,0.0,0.0,0.0,0.0,0.0,0.9757162523754199,0.9757162523754199,0.79225683,0.012254076,93
2026-06-17,-0.026432443,-0.005920978,0.3436085752597173,0.0,0.0,0.0,0.0,-0.0,-0.0,0.9757162523754199,0.9757162523754199,0.7713155,-0.026432443,93
2026-06-18,-0.06988016,-0.008798944,0.31663854570059363,0.0,0.0,0.0,0.0,-0.0,-0.0,0.9757162523754199,0.9757162523754199,0.71741587,-0.06988016,93
2026-06-19,0.013227706,-0.008395765,0.3913854197267412,0.0,0.0,0.0,0.0,0.0,0.0,0.9757162523754199,0.9757162523754199,0.72690564,0.013227706,93
2026-06-22,-0.034471333,-0.005534799,0.3956238384149634,0.0,0.0,0.0,0.0,-0.0,-0.0,0.9757162523754199,0.9757162523754199,0.7018482,-0.034471333,93
2026-06-23,0.026177175,-0.004811777,0.4088980292542494,0.0,0.0,0.0,0.0,0.0,0.0,0.9757162523754199,0.9757162523754199,0.7202206,0.026177175,93
2026-06-24,-0.014682336,-0.0016698416,0.422529704166177,0.0,0.0,0.0,0.0,-0.0,-0.0,0.9757162523754199,0.9757162523754199,0.7096461,-0.014682336,93
2026-06-25,0.0,0.00026247744,0.4239327330534267,0.0,0.0,0.0,0.0,0.0,0.0,0.9757162523754199,0.9757162523754199,0.7096461,0.0,93
2026-06-29,-0.0356426,0.0024613491,0.42411691570756116,0.0,0.0,0.0,0.0,-0.0,-0.0,0.9757162523754199,0.9757162523754199,0.68435246,-0.0356426,93
2026-06-30,-0.015209072,0.0028960481,0.436844649710909,0.0,0.0,0.0,0.0,-0.0,-0.0,0.9757162523754199,0.9757162523754199,0.6739441,-0.015209072,93
2026-07-01,0.054894876,0.0029738992,0.4125430362093164,0.0,0.0,0.0,0.0,0.0,0.0,0.9757162523754199,0.9757162523754199,0.71094024,0.054894876,93
2026-07-02,0.006034142,0.0025436105,0.4118993874671109,0.0,0.0,0.0,0.0,0.0,0.0,0.9757162523754199,0.9757162523754199,0.71523017,0.006034142,93
2026-07-03,-0.0047860723,0.0027285558,0.3998682003867755,0.0,0.0,0.0,0.0,-0.0,-0.0,0.9757162523754199,0.9757162523754199,0.711807,-0.0047860723,93
2026-07-06,0.028005706,0.0019698662,0.3978147219850533,0.0,0.0,0.0,0.0,0.0,0.0,0.9757162523754199,0.9757162523754199,0.73174167,0.028005706,93
2026-07-07,-0.0023352492,0.0018570017,0.4136872809275206,0.0,0.0,0.0,0.0,-0.0,-0.0,0.9757162523754199,0.9757162523754199,0.73003286,-0.0023352492,93
2026-07-08,-0.017452449,0.00075636874,0.41344396112323867,0.0,0.0,0.0,0.0,-0.0,-0.0,0.9757162523754199,0.9757162523754199,0.71729195,-0.017452449,93
2026-07-09,0.016235916,0.0008265155,0.415981388393193,0.0,0.0,0.0,0.0,0.0,0.0,0.9757162523754199,0.9757162523754199,0.72893786,0.016235916,93
2026-07-10,0.031883266,0.0013168268,0.42133058017263597,0.0,0.0,0.0,0.0,0.0,0.0,0.9757162523754199,0.9757162523754199,0.7521788,0.031883266,93
2026-07-13,-0.008836269,-0.0003402757,0.4281236054729304,0.0,0.0,0.0,0.0,-0.0,-0.0,0.9757162523754199,0.9757162523754199,0.74553233,-0.008836269,93
2026-07-14,-0.015305458,-0.0030992837,0.42901696083163376,0.0,0.0,0.0,0.0,-0.0,-0.0,0.9757162523754199,0.9757162523754199,0.7341216,-0.015305458,93
2026-07-15,0.005651542,-0.003243382,0.4271239806554119,0.0,0.0,0.0,0.0,0.0,0.0,0.9757162523754199,0.9757162523754199,0.7382706,0.005651542,93
2026-07-16,0.012942469,-0.0027708756,0.42662125574200793,0.0,0.0,0.0,0.0,0.0,0.0,0.9757162523754199,0.9757162523754199,0.7478256,0.012942469,93
2026-07-17,-0.008609711,-0.0027885074,0.4269115008749319,0.0,0.0,0.0,0.0,-0.0,-0.0,0.9757162523754199,0.9757162523754199,0.74138707,-0.008609711,93
2026-07-20,-0.0125892395,-0.0010700144,0.41904099669894984,0.0,0.0,0.0,0.0,-0.0,-0.0,0.9757162523754199,0.9757162523754199,0.7320536,-0.0125892395,93
2026-07-21,-0.020136194,-0.00033518253,0.3451497780982866,0.0,0.0,0.0,0.0,-0.0,-0.0,0.9757162523754199,0.9757162523754199,0.7173128,-0.020136194,93
2026-07-22,-0.0044772173,3.1087548e-06,0.34959485155769937,0.0,0.0,0.0,0.0,-0.0,-0.0,0.9757162523754199,0.9757162523754199,0.71410125,-0.0044772173,93
2026-07-23,-0.006225179,-0.00064702006,0.3285816184272093,0.0,0.0,0.0,0.0,-0.0,-0.0,0.9757162523754199,0.9757162523754199,0.7096559,-0.006225179,93
2026-07-24,0.03613423,-0.00033854297,0.3168815993876999,0.0,0.0,0.0,0.0,0.0,0.0,0.9757162523754199,0.9757162523754199,0.73529875,0.03613423,93
2026-07-27,0.024258593,0.0006383582,0.33561524322287883,0.0,0.0,0.0,0.0,0.0,0.0,0.9757162523754199,0.9757162523754199,0.7531361,0.024258593,93
2026-07-28,0.044141095,0.0016395173,0.3438737758095538,0.0,0.0,0.0,0.0,0.0,0.0,0.9757162523754199,0.9757162523754199,0.7863803,0.044141095,93
2026-07-29,-0.0004327693,-0.002459154,0.3418667792078476,0.0,0.0,0.0,0.0,-0.0,-0.0,0.9757162523754199,0.9757162523754199,0.78603995,-0.0004327693,93
2026-07-30,-0.021880796,-0.0023330525,0.33397471954063673,0.0,0.0,0.0,0.0,-0.0,-0.0,0.9757162523754199,0.9757162523754199,0.7688408,-0.021880796,93
2026-07-31,0.043208335,-0.002993608,0.3028293114953481,0.0,0.0,0.0,0.0,0.0,0.0,0.9757162523754199,0.9757162523754199,0.80206114,0.043208335,93
